timestamp_iso,timestamp_ms,event_type,duration_ns,duration_ms,metadata
2026-02-15T10:55:33.604580400Z,1771152933604,KEYCLOAK_AUTH,26314500,26.3145,success=true
2026-02-15T10:55:33.638804700Z,1771152933638,KEYCLOAK_AUTH,27286700,27.2867,success=true
2026-02-15T10:55:33.664853100Z,1771152933664,KEYCLOAK_AUTH,25248100,25.2481,success=true
2026-02-15T10:55:33.689539200Z,1771152933689,KEYCLOAK_AUTH,24565200,24.5652,success=true
2026-02-15T10:55:33.713829300Z,1771152933713,KEYCLOAK_AUTH,24032300,24.0323,success=true
2026-02-15T10:55:33.736667200Z,1771152933736,KEYCLOAK_AUTH,23017800,23.0178,success=true
2026-02-15T10:55:33.760187100Z,1771152933760,KEYCLOAK_AUTH,22928999,22.9290,success=true
2026-02-15T10:55:33.785009400Z,1771152933785,KEYCLOAK_AUTH,24566700,24.5667,success=true
2026-02-15T10:55:33.808847600Z,1771152933808,KEYCLOAK_AUTH,23719400,23.7194,success=true
2026-02-15T10:55:33.832957300Z,1771152933832,KEYCLOAK_AUTH,24086701,24.0867,success=true
2026-02-15T10:55:33.858743600Z,1771152933858,KEYCLOAK_AUTH,25606900,25.6069,success=true
2026-02-15T10:55:33.883032700Z,1771152933883,KEYCLOAK_AUTH,23943501,23.9435,success=true
2026-02-15T10:55:33.907176400Z,1771152933907,KEYCLOAK_AUTH,23937700,23.9377,success=true
2026-02-15T10:55:33.932463200Z,1771152933932,KEYCLOAK_AUTH,25005301,25.0053,success=true
2026-02-15T10:55:33.957715100Z,1771152933957,KEYCLOAK_AUTH,25111800,25.1118,success=true
2026-02-15T10:55:33.984893500Z,1771152933984,KEYCLOAK_AUTH,26854300,26.8543,success=true
2026-02-15T10:55:34.012268400Z,1771152934012,KEYCLOAK_AUTH,27108100,27.1081,success=true
2026-02-15T10:55:34.040663900Z,1771152934040,KEYCLOAK_AUTH,27927400,27.9274,success=true
2026-02-15T10:55:34.066962700Z,1771152934066,KEYCLOAK_AUTH,26203201,26.2032,success=true
2026-02-15T10:55:34.093622400Z,1771152934093,KEYCLOAK_AUTH,26247600,26.2476,success=true
2026-02-15T10:55:34.120787400Z,1771152934120,KEYCLOAK_AUTH,26965600,26.9656,success=true
2026-02-15T10:55:34.147840300Z,1771152934147,KEYCLOAK_AUTH,27046700,27.0467,success=true
2026-02-15T10:55:34.173592800Z,1771152934173,KEYCLOAK_AUTH,25581400,25.5814,success=true
2026-02-15T10:55:34.200510800Z,1771152934200,KEYCLOAK_AUTH,26466900,26.4669,success=true
2026-02-15T10:55:34.226691300Z,1771152934226,KEYCLOAK_AUTH,25772500,25.7725,success=true
2026-02-15T10:55:34.251386700Z,1771152934251,KEYCLOAK_AUTH,24811700,24.8117,success=true
2026-02-15T10:55:34.275643600Z,1771152934275,KEYCLOAK_AUTH,23710300,23.7103,success=true
2026-02-15T10:55:34.300389600Z,1771152934300,KEYCLOAK_AUTH,24359599,24.3596,success=true
2026-02-15T10:55:34.325728400Z,1771152934325,KEYCLOAK_AUTH,25127300,25.1273,success=true
2026-02-15T10:55:34.353558500Z,1771152934353,KEYCLOAK_AUTH,27662300,27.6623,success=true
2026-02-15T10:55:34.380838600Z,1771152934380,KEYCLOAK_AUTH,27212800,27.2128,success=true
2026-02-15T10:55:34.407082200Z,1771152934407,KEYCLOAK_AUTH,25766600,25.7666,success=true
2026-02-15T10:55:34.432521Z,1771152934432,KEYCLOAK_AUTH,25498999,25.4990,success=true
2026-02-15T10:55:34.457941700Z,1771152934457,KEYCLOAK_AUTH,25028000,25.0280,success=true
2026-02-15T10:55:34.483396300Z,1771152934483,KEYCLOAK_AUTH,25199200,25.1992,success=true
2026-02-15T10:55:34.509453700Z,1771152934509,KEYCLOAK_AUTH,25681100,25.6811,success=true
2026-02-15T10:55:34.537588100Z,1771152934537,KEYCLOAK_AUTH,28034099,28.0341,success=true
2026-02-15T10:55:34.572370200Z,1771152934572,KEYCLOAK_AUTH,34535800,34.5358,success=true
2026-02-15T10:55:34.603575Z,1771152934603,KEYCLOAK_AUTH,30890600,30.8906,success=true
2026-02-15T10:55:34.631428400Z,1771152934631,KEYCLOAK_AUTH,27867200,27.8672,success=true
2026-02-15T10:55:34.659138900Z,1771152934659,KEYCLOAK_AUTH,27547400,27.5474,success=true
2026-02-15T10:55:34.687581200Z,1771152934687,KEYCLOAK_AUTH,27894599,27.8946,success=true
2026-02-15T10:55:34.716749Z,1771152934716,KEYCLOAK_AUTH,28876300,28.8763,success=true
2026-02-15T10:55:34.745334200Z,1771152934745,KEYCLOAK_AUTH,28453201,28.4532,success=true
2026-02-15T10:55:34.774533600Z,1771152934774,KEYCLOAK_AUTH,28790900,28.7909,success=true
2026-02-15T10:55:34.801373900Z,1771152934801,KEYCLOAK_AUTH,26793999,26.7940,success=true
2026-02-15T10:55:34.828869200Z,1771152934828,KEYCLOAK_AUTH,27148600,27.1486,success=true
2026-02-15T10:55:34.855804100Z,1771152934855,KEYCLOAK_AUTH,27067999,27.0680,success=true
2026-02-15T10:55:34.882547Z,1771152934882,KEYCLOAK_AUTH,26464700,26.4647,success=true
2026-02-15T10:55:34.908354500Z,1771152934908,KEYCLOAK_AUTH,25282999,25.2830,success=true
2026-02-15T10:55:34.933886400Z,1771152934933,KEYCLOAK_AUTH,25586801,25.5868,success=true
2026-02-15T10:55:34.961608800Z,1771152934961,KEYCLOAK_AUTH,27133000,27.1330,success=true
2026-02-15T10:55:34.998153200Z,1771152934998,KEYCLOAK_AUTH,36458300,36.4583,success=true
2026-02-15T10:55:35.024156500Z,1771152935024,KEYCLOAK_AUTH,25899500,25.8995,success=true
2026-02-15T10:55:35.050112500Z,1771152935050,KEYCLOAK_AUTH,25737400,25.7374,success=true
2026-02-15T10:55:35.075159Z,1771152935075,KEYCLOAK_AUTH,24459299,24.4593,success=true
2026-02-15T10:55:35.098292200Z,1771152935098,KEYCLOAK_AUTH,23151900,23.1519,success=true
2026-02-15T10:55:35.120655400Z,1771152935120,KEYCLOAK_AUTH,22330300,22.3303,success=true
2026-02-15T10:55:35.143530Z,1771152935143,KEYCLOAK_AUTH,22631401,22.6314,success=true
2026-02-15T10:55:35.166443100Z,1771152935166,KEYCLOAK_AUTH,22489500,22.4895,success=true
2026-02-15T10:55:35.189129600Z,1771152935189,KEYCLOAK_AUTH,22762600,22.7626,success=true
2026-02-15T10:55:35.212402400Z,1771152935212,KEYCLOAK_AUTH,23063800,23.0638,success=true
2026-02-15T10:55:35.234648700Z,1771152935234,KEYCLOAK_AUTH,22326100,22.3261,success=true
2026-02-15T10:55:35.257580800Z,1771152935257,KEYCLOAK_AUTH,22759100,22.7591,success=true
2026-02-15T10:55:35.280911800Z,1771152935280,KEYCLOAK_AUTH,22906699,22.9067,success=true
2026-02-15T10:55:35.303873800Z,1771152935303,KEYCLOAK_AUTH,23091600,23.0916,success=true
2026-02-15T10:55:35.328370700Z,1771152935328,KEYCLOAK_AUTH,24062200,24.0622,success=true
2026-02-15T10:55:35.352898500Z,1771152935352,KEYCLOAK_AUTH,24138699,24.1387,success=true
2026-02-15T10:55:35.376098400Z,1771152935376,KEYCLOAK_AUTH,23166301,23.1663,success=true
2026-02-15T10:55:35.399173600Z,1771152935399,KEYCLOAK_AUTH,23049499,23.0495,success=true
2026-02-15T10:55:35.422289300Z,1771152935422,KEYCLOAK_AUTH,22955599,22.9556,success=true
2026-02-15T10:55:35.445133800Z,1771152935445,KEYCLOAK_AUTH,22964801,22.9648,success=true
2026-02-15T10:55:35.466941300Z,1771152935466,KEYCLOAK_AUTH,21325700,21.3257,success=true
2026-02-15T10:55:35.490422500Z,1771152935490,KEYCLOAK_AUTH,23237500,23.2375,success=true
2026-02-15T10:55:35.514087200Z,1771152935514,KEYCLOAK_AUTH,23717599,23.7176,success=true
2026-02-15T10:55:35.538332600Z,1771152935538,KEYCLOAK_AUTH,23957900,23.9579,success=true
2026-02-15T10:55:35.561531300Z,1771152935561,KEYCLOAK_AUTH,23153100,23.1531,success=true
2026-02-15T10:55:35.584811200Z,1771152935584,KEYCLOAK_AUTH,23078001,23.0780,success=true
2026-02-15T10:55:35.608483700Z,1771152935608,KEYCLOAK_AUTH,23369200,23.3692,success=true
2026-02-15T10:55:35.631652900Z,1771152935631,KEYCLOAK_AUTH,22965501,22.9655,success=true
2026-02-15T10:55:35.653833600Z,1771152935653,KEYCLOAK_AUTH,22314600,22.3146,success=true
2026-02-15T10:55:35.677322400Z,1771152935677,KEYCLOAK_AUTH,22976201,22.9762,success=true
2026-02-15T10:55:35.699053100Z,1771152935699,KEYCLOAK_AUTH,21855899,21.8559,success=true
2026-02-15T10:55:35.722121600Z,1771152935722,KEYCLOAK_AUTH,22969000,22.9690,success=true
2026-02-15T10:55:35.745150800Z,1771152935745,KEYCLOAK_AUTH,22971200,22.9712,success=true
2026-02-15T10:55:35.768579800Z,1771152935768,KEYCLOAK_AUTH,23314600,23.3146,success=true
2026-02-15T10:55:35.796618800Z,1771152935796,KEYCLOAK_AUTH,27413500,27.4135,success=true
2026-02-15T10:55:35.830405400Z,1771152935830,KEYCLOAK_AUTH,33910801,33.9108,success=true
2026-02-15T10:55:35.854168500Z,1771152935854,KEYCLOAK_AUTH,23508600,23.5086,success=true
2026-02-15T10:55:35.878408800Z,1771152935878,KEYCLOAK_AUTH,24133800,24.1338,success=true
2026-02-15T10:55:35.902952100Z,1771152935902,KEYCLOAK_AUTH,24037301,24.0373,success=true
2026-02-15T10:55:35.926636900Z,1771152935926,KEYCLOAK_AUTH,23980400,23.9804,success=true
2026-02-15T10:55:35.951376Z,1771152935951,KEYCLOAK_AUTH,24122900,24.1229,success=true
2026-02-15T10:55:35.976144700Z,1771152935976,KEYCLOAK_AUTH,24760000,24.7600,success=true
2026-02-15T10:55:36.000179400Z,1771152936000,KEYCLOAK_AUTH,23889700,23.8897,success=true
2026-02-15T10:55:36.024254500Z,1771152936024,KEYCLOAK_AUTH,23907700,23.9077,success=true
2026-02-15T10:55:36.048767600Z,1771152936048,KEYCLOAK_AUTH,24339399,24.3394,success=true
2026-02-15T10:55:36.073687600Z,1771152936073,KEYCLOAK_AUTH,24293301,24.2933,success=true
2026-02-15T10:55:36.097653400Z,1771152936097,KEYCLOAK_AUTH,24136399,24.1364,success=true
2026-02-15T10:55:36.121844400Z,1771152936121,KEYCLOAK_AUTH,23990900,23.9909,success=true
2026-02-15T10:55:36.145941Z,1771152936145,KEYCLOAK_AUTH,23791200,23.7912,success=true
2026-02-15T10:55:36.168039900Z,1771152936168,KEYCLOAK_AUTH,21886701,21.8867,success=true
2026-02-15T10:55:36.191097300Z,1771152936191,KEYCLOAK_AUTH,22904301,22.9043,success=true
2026-02-15T10:55:36.214943600Z,1771152936214,KEYCLOAK_AUTH,23584300,23.5843,success=true
2026-02-15T10:55:36.237584500Z,1771152936237,KEYCLOAK_AUTH,22401601,22.4016,success=true
2026-02-15T10:55:36.260789200Z,1771152936260,KEYCLOAK_AUTH,23117900,23.1179,success=true
2026-02-15T10:55:36.283433400Z,1771152936283,KEYCLOAK_AUTH,22490900,22.4909,success=true
2026-02-15T10:55:36.306958800Z,1771152936306,KEYCLOAK_AUTH,23857300,23.8573,success=true
2026-02-15T10:55:36.331063100Z,1771152936331,KEYCLOAK_AUTH,23447800,23.4478,success=true
2026-02-15T10:55:36.354316200Z,1771152936354,KEYCLOAK_AUTH,22999600,22.9996,success=true
2026-02-15T10:55:36.376948500Z,1771152936376,KEYCLOAK_AUTH,22746500,22.7465,success=true
2026-02-15T10:55:36.400724400Z,1771152936400,KEYCLOAK_AUTH,23491000,23.4910,success=true
2026-02-15T10:55:36.424301200Z,1771152936424,KEYCLOAK_AUTH,23982499,23.9825,success=true
2026-02-15T10:55:36.449142200Z,1771152936449,KEYCLOAK_AUTH,24103400,24.1034,success=true
2026-02-15T10:55:36.473686400Z,1771152936473,KEYCLOAK_AUTH,24213500,24.2135,success=true
2026-02-15T10:55:36.497544900Z,1771152936497,KEYCLOAK_AUTH,23680501,23.6805,success=true
2026-02-15T10:55:36.522004600Z,1771152936522,KEYCLOAK_AUTH,24347101,24.3471,success=true
2026-02-15T10:55:36.546083800Z,1771152936546,KEYCLOAK_AUTH,24296300,24.2963,success=true
2026-02-15T10:55:36.568962400Z,1771152936568,KEYCLOAK_AUTH,22534101,22.5341,success=true
2026-02-15T10:55:36.591883Z,1771152936591,KEYCLOAK_AUTH,22519401,22.5194,success=true
2026-02-15T10:55:36.614344400Z,1771152936614,KEYCLOAK_AUTH,22454100,22.4541,success=true
2026-02-15T10:55:36.637020600Z,1771152936637,KEYCLOAK_AUTH,22260100,22.2601,success=true
2026-02-15T10:55:36.659228400Z,1771152936659,KEYCLOAK_AUTH,22106499,22.1065,success=true
2026-02-15T10:55:36.681183Z,1771152936681,KEYCLOAK_AUTH,22049000,22.0490,success=true
2026-02-15T10:55:36.703396800Z,1771152936703,KEYCLOAK_AUTH,21850100,21.8501,success=true
2026-02-15T10:55:36.725925Z,1771152936725,KEYCLOAK_AUTH,22337100,22.3371,success=true
2026-02-15T10:55:36.747294800Z,1771152936747,KEYCLOAK_AUTH,21458400,21.4584,success=true
2026-02-15T10:55:36.770337800Z,1771152936770,KEYCLOAK_AUTH,22819200,22.8192,success=true
2026-02-15T10:55:36.794392500Z,1771152936794,KEYCLOAK_AUTH,24001600,24.0016,success=true
2026-02-15T10:55:36.822235300Z,1771152936822,KEYCLOAK_AUTH,27514099,27.5141,success=true
2026-02-15T10:55:36.846631600Z,1771152936846,KEYCLOAK_AUTH,24061499,24.0615,success=true
2026-02-15T10:55:36.870451600Z,1771152936870,KEYCLOAK_AUTH,23806501,23.8065,success=true
2026-02-15T10:55:36.893873400Z,1771152936893,KEYCLOAK_AUTH,23358100,23.3581,success=true
2026-02-15T10:55:36.920259100Z,1771152936920,KEYCLOAK_AUTH,26851600,26.8516,success=true
2026-02-15T10:55:36.943956900Z,1771152936943,KEYCLOAK_AUTH,22817599,22.8176,success=true
2026-02-15T10:55:36.966888800Z,1771152936966,KEYCLOAK_AUTH,22804601,22.8046,success=true
2026-02-15T10:55:36.989831300Z,1771152936989,KEYCLOAK_AUTH,22760001,22.7600,success=true
2026-02-15T10:55:37.013536300Z,1771152937013,KEYCLOAK_AUTH,23575000,23.5750,success=true
2026-02-15T10:55:37.036984700Z,1771152937036,KEYCLOAK_AUTH,23541299,23.5413,success=true
2026-02-15T10:55:37.062060100Z,1771152937062,KEYCLOAK_AUTH,24483100,24.4831,success=true
2026-02-15T10:55:37.086129900Z,1771152937086,KEYCLOAK_AUTH,24290000,24.2900,success=true
2026-02-15T10:55:37.110081200Z,1771152937110,KEYCLOAK_AUTH,23763700,23.7637,success=true
2026-02-15T10:55:37.135480500Z,1771152937135,KEYCLOAK_AUTH,24909600,24.9096,success=true
2026-02-15T10:55:37.159407900Z,1771152937159,KEYCLOAK_AUTH,23774601,23.7746,success=true
2026-02-15T10:55:37.183480300Z,1771152937183,KEYCLOAK_AUTH,23936300,23.9363,success=true
2026-02-15T10:55:37.209151400Z,1771152937209,KEYCLOAK_AUTH,25647500,25.6475,success=true
2026-02-15T10:55:37.233437800Z,1771152937233,KEYCLOAK_AUTH,23705600,23.7056,success=true
2026-02-15T10:55:37.255627200Z,1771152937255,KEYCLOAK_AUTH,22143900,22.1439,success=true
2026-02-15T10:55:37.278799800Z,1771152937278,KEYCLOAK_AUTH,23167100,23.1671,success=true
2026-02-15T10:55:37.302617Z,1771152937302,KEYCLOAK_AUTH,23786000,23.7860,success=true
2026-02-15T10:55:37.327447800Z,1771152937327,KEYCLOAK_AUTH,24303200,24.3032,success=true
2026-02-15T10:55:37.352712200Z,1771152937352,KEYCLOAK_AUTH,25384000,25.3840,success=true
2026-02-15T10:55:37.377582Z,1771152937377,KEYCLOAK_AUTH,24415300,24.4153,success=true
2026-02-15T10:55:37.403043500Z,1771152937403,KEYCLOAK_AUTH,25501200,25.5012,success=true
2026-02-15T10:55:37.429840100Z,1771152937429,KEYCLOAK_AUTH,26218400,26.2184,success=true
2026-02-15T10:55:37.454733300Z,1771152937454,KEYCLOAK_AUTH,24576800,24.5768,success=true
2026-02-15T10:55:37.476997400Z,1771152937476,KEYCLOAK_AUTH,22114900,22.1149,success=true
2026-02-15T10:55:37.500259300Z,1771152937500,KEYCLOAK_AUTH,23338100,23.3381,success=true
2026-02-15T10:55:37.523152100Z,1771152937523,KEYCLOAK_AUTH,22625700,22.6257,success=true
2026-02-15T10:55:37.546651200Z,1771152937546,KEYCLOAK_AUTH,23303300,23.3033,success=true
2026-02-15T10:55:37.570160300Z,1771152937570,KEYCLOAK_AUTH,23427700,23.4277,success=true
2026-02-15T10:55:37.593049500Z,1771152937593,KEYCLOAK_AUTH,22957200,22.9572,success=true
2026-02-15T10:55:37.617081900Z,1771152937617,KEYCLOAK_AUTH,23574099,23.5741,success=true
2026-02-15T10:55:37.641147100Z,1771152937641,KEYCLOAK_AUTH,24131599,24.1316,success=true
2026-02-15T10:55:37.664209400Z,1771152937664,KEYCLOAK_AUTH,22997600,22.9976,success=true
2026-02-15T10:55:37.687149200Z,1771152937687,KEYCLOAK_AUTH,22837500,22.8375,success=true
2026-02-15T10:55:37.709685400Z,1771152937709,KEYCLOAK_AUTH,22392900,22.3929,success=true
2026-02-15T10:55:37.731882Z,1771152937731,KEYCLOAK_AUTH,22037100,22.0371,success=true
2026-02-15T10:55:37.754527300Z,1771152937754,KEYCLOAK_AUTH,22183600,22.1836,success=true
2026-02-15T10:55:37.776661100Z,1771152937776,KEYCLOAK_AUTH,21984200,21.9842,success=true
2026-02-15T10:55:37.798786Z,1771152937798,KEYCLOAK_AUTH,22028000,22.0280,success=true
2026-02-15T10:55:37.820144200Z,1771152937820,KEYCLOAK_AUTH,21955600,21.9556,success=true
2026-02-15T10:55:37.843536600Z,1771152937843,KEYCLOAK_AUTH,22679800,22.6798,success=true
2026-02-15T10:55:37.866680800Z,1771152937866,KEYCLOAK_AUTH,23235100,23.2351,success=true
2026-02-15T10:55:37.891476200Z,1771152937891,KEYCLOAK_AUTH,24179100,24.1791,success=true
2026-02-15T10:55:37.914315800Z,1771152937914,KEYCLOAK_AUTH,22885100,22.8851,success=true
2026-02-15T10:55:37.937306400Z,1771152937937,KEYCLOAK_AUTH,22673900,22.6739,success=true
2026-02-15T10:55:37.961115900Z,1771152937961,KEYCLOAK_AUTH,23640600,23.6406,success=true
2026-02-15T10:55:37.984725500Z,1771152937984,KEYCLOAK_AUTH,23734599,23.7346,success=true
2026-02-15T10:55:38.009242800Z,1771152938009,KEYCLOAK_AUTH,24244699,24.2447,success=true
2026-02-15T10:55:38.032727800Z,1771152938032,KEYCLOAK_AUTH,23268300,23.2683,success=true
2026-02-15T10:55:38.055991200Z,1771152938055,KEYCLOAK_AUTH,23109800,23.1098,success=true
2026-02-15T10:55:38.079458100Z,1771152938079,KEYCLOAK_AUTH,23217499,23.2175,success=true
2026-02-15T10:55:38.103008400Z,1771152938103,KEYCLOAK_AUTH,23201199,23.2012,success=true
2026-02-15T10:55:38.127391400Z,1771152938127,KEYCLOAK_AUTH,24441901,24.4419,success=true
2026-02-15T10:55:38.151225100Z,1771152938151,KEYCLOAK_AUTH,23689401,23.6894,success=true
2026-02-15T10:55:38.174497900Z,1771152938174,KEYCLOAK_AUTH,23275800,23.2758,success=true
2026-02-15T10:55:38.198781400Z,1771152938198,KEYCLOAK_AUTH,24082400,24.0824,success=true
2026-02-15T10:55:38.222544700Z,1771152938222,KEYCLOAK_AUTH,24071401,24.0714,success=true
2026-02-15T10:55:38.248190300Z,1771152938248,KEYCLOAK_AUTH,24388300,24.3883,success=true
2026-02-15T10:55:38.272485900Z,1771152938272,KEYCLOAK_AUTH,24279500,24.2795,success=true
2026-02-15T10:55:38.296744400Z,1771152938296,KEYCLOAK_AUTH,24047800,24.0478,success=true
2026-02-15T10:55:38.320622300Z,1771152938320,KEYCLOAK_AUTH,23943000,23.9430,success=true
2026-02-15T10:55:38.343836700Z,1771152938343,KEYCLOAK_AUTH,22943600,22.9436,success=true
2026-02-15T10:55:38.366421400Z,1771152938366,KEYCLOAK_AUTH,22475400,22.4754,success=true
2026-02-15T10:55:38.388396800Z,1771152938388,KEYCLOAK_AUTH,21816900,21.8169,success=true
2026-02-15T10:55:38.411593300Z,1771152938411,KEYCLOAK_AUTH,22839200,22.8392,success=true
2026-02-15T10:55:38.434283800Z,1771152938434,KEYCLOAK_AUTH,22716900,22.7169,success=true
2026-02-15T10:55:38.456108300Z,1771152938456,KEYCLOAK_AUTH,21683099,21.6831,success=true
2026-02-15T10:55:38.479383700Z,1771152938479,KEYCLOAK_AUTH,23171300,23.1713,success=true
2026-02-15T10:55:38.502385900Z,1771152938502,KEYCLOAK_AUTH,22709600,22.7096,success=true
2026-02-15T10:55:38.525741500Z,1771152938525,KEYCLOAK_AUTH,23224200,23.2242,success=true
2026-02-15T10:55:38.549713400Z,1771152938549,KEYCLOAK_AUTH,23702401,23.7024,success=true
2026-02-15T10:55:38.572577300Z,1771152938572,KEYCLOAK_AUTH,22617901,22.6179,success=true
2026-02-15T10:55:38.598832400Z,1771152938598,KEYCLOAK_AUTH,26311800,26.3118,success=true
2026-02-15T10:55:38.622493400Z,1771152938622,KEYCLOAK_AUTH,24108399,24.1084,success=true
2026-02-15T10:55:38.647565600Z,1771152938647,KEYCLOAK_AUTH,24268000,24.2680,success=true
2026-02-15T10:55:38.672435300Z,1771152938672,KEYCLOAK_AUTH,24614100,24.6141,success=true
2026-02-15T10:55:38.695485800Z,1771152938695,KEYCLOAK_AUTH,23663300,23.6633,success=true
2026-02-15T10:55:38.720159800Z,1771152938720,KEYCLOAK_AUTH,23719700,23.7197,success=true
2026-02-15T10:55:38.742585100Z,1771152938742,KEYCLOAK_AUTH,22193800,22.1938,success=true
2026-02-15T10:55:38.765211400Z,1771152938765,KEYCLOAK_AUTH,22846700,22.8467,success=true
2026-02-15T10:55:38.787794600Z,1771152938787,KEYCLOAK_AUTH,22316900,22.3169,success=true
2026-02-15T10:55:38.810022Z,1771152938810,KEYCLOAK_AUTH,22252000,22.2520,success=true
2026-02-15T10:55:38.834181300Z,1771152938834,KEYCLOAK_AUTH,23826000,23.8260,success=true
2026-02-15T10:55:38.856827Z,1771152938856,KEYCLOAK_AUTH,22572400,22.5724,success=true
2026-02-15T10:55:38.879572400Z,1771152938879,KEYCLOAK_AUTH,22417500,22.4175,success=true
2026-02-15T10:55:38.902312800Z,1771152938902,KEYCLOAK_AUTH,22664600,22.6646,success=true
2026-02-15T10:55:38.929556Z,1771152938929,KEYCLOAK_AUTH,27403000,27.4030,success=true
2026-02-15T10:55:38.952747Z,1771152938952,KEYCLOAK_AUTH,22886200,22.8862,success=true
2026-02-15T10:55:38.975148500Z,1771152938975,KEYCLOAK_AUTH,22342199,22.3422,success=true
2026-02-15T10:55:38.998283200Z,1771152938998,KEYCLOAK_AUTH,22577200,22.5772,success=true
2026-02-15T10:55:39.021136900Z,1771152939021,KEYCLOAK_AUTH,22761100,22.7611,success=true
2026-02-15T10:55:39.043605500Z,1771152939043,KEYCLOAK_AUTH,22627500,22.6275,success=true
2026-02-15T10:55:39.066129100Z,1771152939066,KEYCLOAK_AUTH,22184699,22.1847,success=true
2026-02-15T10:55:39.088617800Z,1771152939088,KEYCLOAK_AUTH,22412401,22.4124,success=true
2026-02-15T10:55:39.111793900Z,1771152939111,KEYCLOAK_AUTH,23147500,23.1475,success=true
2026-02-15T10:55:39.134922800Z,1771152939134,KEYCLOAK_AUTH,22881499,22.8815,success=true
2026-02-15T10:55:39.157779Z,1771152939157,KEYCLOAK_AUTH,22745000,22.7450,success=true
2026-02-15T10:55:39.180284400Z,1771152939180,KEYCLOAK_AUTH,22574900,22.5749,success=true
2026-02-15T10:55:39.203265300Z,1771152939203,KEYCLOAK_AUTH,22685900,22.6859,success=true
2026-02-15T10:55:39.226666300Z,1771152939226,KEYCLOAK_AUTH,23511000,23.5110,success=true
2026-02-15T10:55:39.251699400Z,1771152939251,KEYCLOAK_AUTH,24681301,24.6813,success=true
2026-02-15T10:55:39.276857700Z,1771152939276,KEYCLOAK_AUTH,25059399,25.0594,success=true
2026-02-15T10:55:39.301818500Z,1771152939301,KEYCLOAK_AUTH,24693599,24.6936,success=true
2026-02-15T10:55:39.326329700Z,1771152939326,KEYCLOAK_AUTH,24284000,24.2840,success=true
2026-02-15T10:55:39.351294900Z,1771152939351,KEYCLOAK_AUTH,24799500,24.7995,success=true
2026-02-15T10:55:39.375590200Z,1771152939375,KEYCLOAK_AUTH,24205799,24.2058,success=true
2026-02-15T10:55:39.399957100Z,1771152939399,KEYCLOAK_AUTH,24339600,24.3396,success=true
2026-02-15T10:55:39.425218600Z,1771152939425,KEYCLOAK_AUTH,24942500,24.9425,success=true
2026-02-15T10:55:39.448794Z,1771152939448,KEYCLOAK_AUTH,23133000,23.1330,success=true
2026-02-15T10:55:39.472199800Z,1771152939472,KEYCLOAK_AUTH,23281201,23.2812,success=true
2026-02-15T10:55:39.495783200Z,1771152939495,KEYCLOAK_AUTH,23268200,23.2682,success=true
2026-02-15T10:55:39.518574500Z,1771152939518,KEYCLOAK_AUTH,22828300,22.8283,success=true
2026-02-15T10:55:39.541385700Z,1771152939541,KEYCLOAK_AUTH,22403500,22.4035,success=true
2026-02-15T10:55:39.571818800Z,1771152939571,KEYCLOAK_AUTH,30426600,30.4266,success=true
2026-02-15T10:55:39.599048400Z,1771152939599,KEYCLOAK_AUTH,26855600,26.8556,success=true
2026-02-15T10:55:39.625723100Z,1771152939625,KEYCLOAK_AUTH,26928101,26.9281,success=true
2026-02-15T10:55:39.652996500Z,1771152939652,KEYCLOAK_AUTH,27105600,27.1056,success=true
2026-02-15T10:55:39.680500600Z,1771152939680,KEYCLOAK_AUTH,26875699,26.8757,success=true
2026-02-15T10:55:39.707279200Z,1771152939706,KEYCLOAK_AUTH,26437401,26.4374,success=true
2026-02-15T10:55:39.733150500Z,1771152939733,KEYCLOAK_AUTH,25980300,25.9803,success=true
2026-02-15T10:55:39.756898900Z,1771152939756,KEYCLOAK_AUTH,23462500,23.4625,success=true
2026-02-15T10:55:39.779835Z,1771152939779,KEYCLOAK_AUTH,22564100,22.5641,success=true
2026-02-15T10:55:39.802214900Z,1771152939802,KEYCLOAK_AUTH,22203800,22.2038,success=true
2026-02-15T10:55:39.824692900Z,1771152939824,KEYCLOAK_AUTH,22400801,22.4008,success=true
2026-02-15T10:55:39.849375200Z,1771152939849,KEYCLOAK_AUTH,24753600,24.7536,success=true
2026-02-15T10:55:39.873205600Z,1771152939873,KEYCLOAK_AUTH,23482000,23.4820,success=true
2026-02-15T10:55:39.898110700Z,1771152939898,KEYCLOAK_AUTH,24594100,24.5941,success=true
2026-02-15T10:55:39.924298400Z,1771152939924,KEYCLOAK_AUTH,26440701,26.4407,success=true
2026-02-15T10:55:39.950931Z,1771152939950,KEYCLOAK_AUTH,26065800,26.0658,success=true
2026-02-15T10:55:39.982038Z,1771152939982,KEYCLOAK_AUTH,31071600,31.0716,success=true
2026-02-15T10:55:40.007867Z,1771152940007,KEYCLOAK_AUTH,25806500,25.8065,success=true
2026-02-15T10:55:40.032512500Z,1771152940032,KEYCLOAK_AUTH,24680200,24.6802,success=true
2026-02-15T10:55:40.058085500Z,1771152940058,KEYCLOAK_AUTH,25104200,25.1042,success=true
2026-02-15T10:55:40.083598700Z,1771152940083,KEYCLOAK_AUTH,25272201,25.2722,success=true
2026-02-15T10:55:40.107796200Z,1771152940107,KEYCLOAK_AUTH,24188300,24.1883,success=true
2026-02-15T10:55:40.132406200Z,1771152940132,KEYCLOAK_AUTH,24270600,24.2706,success=true
2026-02-15T10:55:40.156307600Z,1771152940156,KEYCLOAK_AUTH,24081300,24.0813,success=true
2026-02-15T10:55:40.180840Z,1771152940180,KEYCLOAK_AUTH,24223699,24.2237,success=true
2026-02-15T10:55:40.204615900Z,1771152940204,KEYCLOAK_AUTH,23637200,23.6372,success=true
2026-02-15T10:55:40.227969300Z,1771152940227,KEYCLOAK_AUTH,23116599,23.1166,success=true
2026-02-15T10:55:40.251218900Z,1771152940251,KEYCLOAK_AUTH,23404100,23.4041,success=true
2026-02-15T10:55:40.275255500Z,1771152940275,KEYCLOAK_AUTH,23514899,23.5149,success=true
2026-02-15T10:55:40.298110700Z,1771152940298,KEYCLOAK_AUTH,22937300,22.9373,success=true
2026-02-15T10:55:40.320784100Z,1771152940320,KEYCLOAK_AUTH,22757299,22.7573,success=true
2026-02-15T10:55:40.345364300Z,1771152940345,KEYCLOAK_AUTH,24186200,24.1862,success=true
2026-02-15T10:55:40.370882600Z,1771152940370,KEYCLOAK_AUTH,25551399,25.5514,success=true
2026-02-15T10:55:40.400843500Z,1771152940400,KEYCLOAK_AUTH,29642800,29.6428,success=true
2026-02-15T10:55:40.425211100Z,1771152940425,KEYCLOAK_AUTH,24223900,24.2239,success=true
2026-02-15T10:55:40.449005700Z,1771152940449,KEYCLOAK_AUTH,23738799,23.7388,success=true
2026-02-15T10:55:40.472564900Z,1771152940472,KEYCLOAK_AUTH,23348300,23.3483,success=true
2026-02-15T10:55:40.496694300Z,1771152940496,KEYCLOAK_AUTH,23767899,23.7679,success=true
2026-02-15T10:55:40.520395300Z,1771152940520,KEYCLOAK_AUTH,23651601,23.6516,success=true
2026-02-15T10:55:40.544992900Z,1771152940544,KEYCLOAK_AUTH,24249101,24.2491,success=true
2026-02-15T10:55:40.568239300Z,1771152940568,KEYCLOAK_AUTH,23265400,23.2654,success=true
2026-02-15T10:55:40.591326Z,1771152940591,KEYCLOAK_AUTH,22797800,22.7978,success=true
2026-02-15T10:55:40.615304900Z,1771152940615,KEYCLOAK_AUTH,23965201,23.9652,success=true
2026-02-15T10:55:40.640773300Z,1771152940640,KEYCLOAK_AUTH,25046700,25.0467,success=true
2026-02-15T10:55:40.662514500Z,1771152940662,KEYCLOAK_AUTH,21913500,21.9135,success=true
2026-02-15T10:55:40.684013900Z,1771152940684,KEYCLOAK_AUTH,21487700,21.4877,success=true
2026-02-15T10:55:40.706602Z,1771152940706,KEYCLOAK_AUTH,22283500,22.2835,success=true
2026-02-15T10:55:40.728644900Z,1771152940728,KEYCLOAK_AUTH,22216601,22.2166,success=true
2026-02-15T10:55:40.750085900Z,1771152940750,KEYCLOAK_AUTH,21293701,21.2937,success=true
2026-02-15T10:55:40.772798200Z,1771152940772,KEYCLOAK_AUTH,22418200,22.4182,success=true
2026-02-15T10:55:40.795162700Z,1771152940795,KEYCLOAK_AUTH,22067800,22.0678,success=true
2026-02-15T10:55:40.817718500Z,1771152940817,KEYCLOAK_AUTH,22492600,22.4926,success=true
2026-02-15T10:55:40.839596200Z,1771152940839,KEYCLOAK_AUTH,22227400,22.2274,success=true
2026-02-15T10:55:40.862572200Z,1771152940862,KEYCLOAK_AUTH,22467300,22.4673,success=true
2026-02-15T10:55:40.884916700Z,1771152940884,KEYCLOAK_AUTH,22155800,22.1558,success=true
2026-02-15T10:55:40.907785700Z,1771152940907,KEYCLOAK_AUTH,22762900,22.7629,success=true
2026-02-15T10:55:40.929733100Z,1771152940929,KEYCLOAK_AUTH,21933100,21.9331,success=true
2026-02-15T10:55:40.951742400Z,1771152940951,KEYCLOAK_AUTH,21828601,21.8286,success=true
2026-02-15T10:55:40.974161500Z,1771152940974,KEYCLOAK_AUTH,22391299,22.3913,success=true
2026-02-15T10:55:40.997028Z,1771152940997,KEYCLOAK_AUTH,22829200,22.8292,success=true
2026-02-15T10:55:41.020019800Z,1771152941020,KEYCLOAK_AUTH,22872200,22.8722,success=true
2026-02-15T10:55:41.043761Z,1771152941043,KEYCLOAK_AUTH,23740000,23.7400,success=true
2026-02-15T10:55:41.067666Z,1771152941067,KEYCLOAK_AUTH,23513400,23.5134,success=true
2026-02-15T10:55:41.091101300Z,1771152941091,KEYCLOAK_AUTH,23471099,23.4711,success=true
2026-02-15T10:55:41.114770800Z,1771152941114,KEYCLOAK_AUTH,23331101,23.3311,success=true
2026-02-15T10:55:41.137882100Z,1771152941137,KEYCLOAK_AUTH,22790200,22.7902,success=true
2026-02-15T10:55:41.159605800Z,1771152941159,KEYCLOAK_AUTH,21669701,21.6697,success=true
2026-02-15T10:55:41.181625900Z,1771152941181,KEYCLOAK_AUTH,21998701,21.9987,success=true
2026-02-15T10:55:41.204043300Z,1771152941204,KEYCLOAK_AUTH,22252400,22.2524,success=true
2026-02-15T10:55:41.226869600Z,1771152941226,KEYCLOAK_AUTH,22674700,22.6747,success=true
2026-02-15T10:55:41.248332700Z,1771152941248,KEYCLOAK_AUTH,21637000,21.6370,success=true
2026-02-15T10:55:41.270281700Z,1771152941270,KEYCLOAK_AUTH,21504299,21.5043,success=true
2026-02-15T10:55:41.291658900Z,1771152941291,KEYCLOAK_AUTH,21543400,21.5434,success=true
2026-02-15T10:55:41.314280500Z,1771152941314,KEYCLOAK_AUTH,22250999,22.2510,success=true
2026-02-15T10:55:41.336535300Z,1771152941336,KEYCLOAK_AUTH,22286700,22.2867,success=true
2026-02-15T10:55:41.358939300Z,1771152941358,KEYCLOAK_AUTH,22377200,22.3772,success=true
2026-02-15T10:55:41.381605400Z,1771152941381,KEYCLOAK_AUTH,22532500,22.5325,success=true
2026-02-15T10:55:41.404190600Z,1771152941404,KEYCLOAK_AUTH,22340599,22.3406,success=true
2026-02-15T10:55:41.426718700Z,1771152941426,KEYCLOAK_AUTH,22287400,22.2874,success=true
2026-02-15T10:55:41.449142700Z,1771152941449,KEYCLOAK_AUTH,22663300,22.6633,success=true
2026-02-15T10:55:41.472301400Z,1771152941472,KEYCLOAK_AUTH,22960401,22.9604,success=true
2026-02-15T10:55:41.496058900Z,1771152941496,KEYCLOAK_AUTH,23699201,23.6992,success=true
2026-02-15T10:55:41.520691Z,1771152941520,KEYCLOAK_AUTH,24207399,24.2074,success=true
2026-02-15T10:55:41.544997600Z,1771152941544,KEYCLOAK_AUTH,24288700,24.2887,success=true
2026-02-15T10:55:41.569072700Z,1771152941569,KEYCLOAK_AUTH,23973800,23.9738,success=true
2026-02-15T10:55:41.594327800Z,1771152941594,KEYCLOAK_AUTH,25149300,25.1493,success=true
2026-02-15T10:55:41.620452100Z,1771152941620,KEYCLOAK_AUTH,25485501,25.4855,success=true
2026-02-15T10:55:41.645691Z,1771152941645,KEYCLOAK_AUTH,25151601,25.1516,success=true
2026-02-15T10:55:41.668985900Z,1771152941668,KEYCLOAK_AUTH,23487099,23.4871,success=true
2026-02-15T10:55:41.692065700Z,1771152941692,KEYCLOAK_AUTH,22958799,22.9588,success=true
2026-02-15T10:55:41.715385300Z,1771152941715,KEYCLOAK_AUTH,23205700,23.2057,success=true
2026-02-15T10:55:41.739451700Z,1771152941739,KEYCLOAK_AUTH,23865199,23.8652,success=true
2026-02-15T10:55:41.762638400Z,1771152941762,KEYCLOAK_AUTH,22876300,22.8763,success=true
2026-02-15T10:55:41.786774400Z,1771152941786,KEYCLOAK_AUTH,23808100,23.8081,success=true
2026-02-15T10:55:41.811425400Z,1771152941811,KEYCLOAK_AUTH,24836801,24.8368,success=true
2026-02-15T10:55:41.840597100Z,1771152941840,KEYCLOAK_AUTH,28740199,28.7402,success=true
2026-02-15T10:55:41.875287Z,1771152941875,KEYCLOAK_AUTH,34558499,34.5585,success=true
2026-02-15T10:55:41.904144900Z,1771152941904,KEYCLOAK_AUTH,28522201,28.5222,success=true
2026-02-15T10:55:41.928146100Z,1771152941928,KEYCLOAK_AUTH,23583900,23.5839,success=true
2026-02-15T10:55:41.954295900Z,1771152941954,KEYCLOAK_AUTH,26170800,26.1708,success=true
2026-02-15T10:55:41.982881100Z,1771152941982,KEYCLOAK_AUTH,28431300,28.4313,success=true
2026-02-15T10:55:42.007610800Z,1771152942007,KEYCLOAK_AUTH,24732200,24.7322,success=true
2026-02-15T10:55:42.032907100Z,1771152942032,KEYCLOAK_AUTH,24789400,24.7894,success=true
2026-02-15T10:55:42.056867600Z,1771152942056,KEYCLOAK_AUTH,23858000,23.8580,success=true
2026-02-15T10:55:42.081546Z,1771152942081,KEYCLOAK_AUTH,24766300,24.7663,success=true
2026-02-15T10:55:42.105609600Z,1771152942105,KEYCLOAK_AUTH,24086800,24.0868,success=true
2026-02-15T10:55:42.129383300Z,1771152942129,KEYCLOAK_AUTH,23318900,23.3189,success=true
2026-02-15T10:55:42.151783700Z,1771152942151,KEYCLOAK_AUTH,22580700,22.5807,success=true
2026-02-15T10:55:42.174512Z,1771152942174,KEYCLOAK_AUTH,22119101,22.1191,success=true
2026-02-15T10:55:42.196604600Z,1771152942196,KEYCLOAK_AUTH,22116699,22.1167,success=true
2026-02-15T10:55:42.218929200Z,1771152942218,KEYCLOAK_AUTH,22412700,22.4127,success=true
2026-02-15T10:55:42.241400Z,1771152942241,KEYCLOAK_AUTH,22485301,22.4853,success=true
2026-02-15T10:55:42.265318600Z,1771152942265,KEYCLOAK_AUTH,23294301,23.2943,success=true
2026-02-15T10:55:42.290433600Z,1771152942290,KEYCLOAK_AUTH,25329200,25.3292,success=true
2026-02-15T10:55:42.313710700Z,1771152942313,KEYCLOAK_AUTH,23252100,23.2521,success=true
2026-02-15T10:55:42.337826200Z,1771152942337,KEYCLOAK_AUTH,23655599,23.6556,success=true
2026-02-15T10:55:42.361426300Z,1771152942361,KEYCLOAK_AUTH,23233001,23.2330,success=true
2026-02-15T10:55:42.386525200Z,1771152942386,KEYCLOAK_AUTH,25027500,25.0275,success=true
2026-02-15T10:55:42.412494Z,1771152942412,KEYCLOAK_AUTH,25768000,25.7680,success=true
2026-02-15T10:55:42.435691800Z,1771152942435,KEYCLOAK_AUTH,23192500,23.1925,success=true
2026-02-15T10:55:42.458559400Z,1771152942458,KEYCLOAK_AUTH,22273400,22.2734,success=true
2026-02-15T10:55:42.480633Z,1771152942480,KEYCLOAK_AUTH,22245300,22.2453,success=true
2026-02-15T10:55:42.503694400Z,1771152942503,KEYCLOAK_AUTH,22690000,22.6900,success=true
2026-02-15T10:55:42.525948400Z,1771152942525,KEYCLOAK_AUTH,22204000,22.2040,success=true
2026-02-15T10:55:42.549103700Z,1771152942549,KEYCLOAK_AUTH,22929300,22.9293,success=true
2026-02-15T10:55:42.572291400Z,1771152942572,KEYCLOAK_AUTH,23126101,23.1261,success=true
2026-02-15T10:55:42.595718100Z,1771152942595,KEYCLOAK_AUTH,23324501,23.3245,success=true
2026-02-15T10:55:42.619301600Z,1771152942619,KEYCLOAK_AUTH,23441500,23.4415,success=true
2026-02-15T10:55:42.642754600Z,1771152942642,KEYCLOAK_AUTH,23215700,23.2157,success=true
2026-02-15T10:55:42.666391Z,1771152942666,KEYCLOAK_AUTH,23369500,23.3695,success=true
2026-02-15T10:55:42.689492100Z,1771152942689,KEYCLOAK_AUTH,23247600,23.2476,success=true
2026-02-15T10:55:42.713433800Z,1771152942713,KEYCLOAK_AUTH,23540800,23.5408,success=true
2026-02-15T10:55:42.736579400Z,1771152942736,KEYCLOAK_AUTH,23116700,23.1167,success=true
2026-02-15T10:55:42.759849100Z,1771152942759,KEYCLOAK_AUTH,23225300,23.2253,success=true
2026-02-15T10:55:42.796853300Z,1771152942796,KEYCLOAK_AUTH,36638700,36.6387,success=true
2026-02-15T10:55:42.841810300Z,1771152942841,KEYCLOAK_AUTH,45110201,45.1102,success=true
2026-02-15T10:55:42.883842400Z,1771152942883,KEYCLOAK_AUTH,41465100,41.4651,success=true
2026-02-15T10:55:42.934748100Z,1771152942934,KEYCLOAK_AUTH,50923300,50.9233,success=true
2026-02-15T10:55:42.978090600Z,1771152942978,KEYCLOAK_AUTH,42732001,42.7320,success=true
2026-02-15T10:55:43.018155400Z,1771152943018,KEYCLOAK_AUTH,39916700,39.9167,success=true
2026-02-15T10:55:43.045260300Z,1771152943045,KEYCLOAK_AUTH,26505100,26.5051,success=true
2026-02-15T10:55:43.076639300Z,1771152943076,KEYCLOAK_AUTH,31260300,31.2603,success=true
2026-02-15T10:55:43.104907700Z,1771152943104,KEYCLOAK_AUTH,27932001,27.9320,success=true
2026-02-15T10:55:43.129444500Z,1771152943129,KEYCLOAK_AUTH,25046200,25.0462,success=true
2026-02-15T10:55:43.154136Z,1771152943154,KEYCLOAK_AUTH,24119700,24.1197,success=true
2026-02-15T10:55:43.178939400Z,1771152943178,KEYCLOAK_AUTH,25729200,25.7292,success=true
2026-02-15T10:55:43.202887Z,1771152943202,KEYCLOAK_AUTH,22335600,22.3356,success=true
2026-02-15T10:55:43.225469800Z,1771152943225,KEYCLOAK_AUTH,22922500,22.9225,success=true
2026-02-15T10:55:43.250334100Z,1771152943250,KEYCLOAK_AUTH,24502399,24.5024,success=true
2026-02-15T10:55:43.276923200Z,1771152943276,KEYCLOAK_AUTH,26440500,26.4405,success=true
2026-02-15T10:55:43.302868200Z,1771152943302,KEYCLOAK_AUTH,25807101,25.8071,success=true
2026-02-15T10:55:43.328478100Z,1771152943328,KEYCLOAK_AUTH,25781800,25.7818,success=true
2026-02-15T10:55:43.355330700Z,1771152943355,KEYCLOAK_AUTH,26587300,26.5873,success=true
2026-02-15T10:55:43.388371900Z,1771152943388,KEYCLOAK_AUTH,32966100,32.9661,success=true
2026-02-15T10:55:43.412732100Z,1771152943412,KEYCLOAK_AUTH,24151900,24.1519,success=true
2026-02-15T10:55:43.438712800Z,1771152943438,KEYCLOAK_AUTH,25849300,25.8493,success=true
2026-02-15T10:55:43.467389600Z,1771152943467,KEYCLOAK_AUTH,28649000,28.6490,success=true
2026-02-15T10:55:43.498895800Z,1771152943498,KEYCLOAK_AUTH,31038000,31.0380,success=true
2026-02-15T10:55:43.540468Z,1771152943540,KEYCLOAK_AUTH,41649900,41.6499,success=true
2026-02-15T10:55:43.572608Z,1771152943572,KEYCLOAK_AUTH,32158700,32.1587,success=true
2026-02-15T10:55:43.603532100Z,1771152943603,KEYCLOAK_AUTH,30397800,30.3978,success=true
2026-02-15T10:55:43.633513200Z,1771152943633,KEYCLOAK_AUTH,29793900,29.7939,success=true
2026-02-15T10:55:43.670320400Z,1771152943670,KEYCLOAK_AUTH,36255700,36.2557,success=true
2026-02-15T10:55:43.703085100Z,1771152943703,KEYCLOAK_AUTH,32871201,32.8712,success=true
2026-02-15T10:55:43.732626800Z,1771152943732,KEYCLOAK_AUTH,29051200,29.0512,success=true
2026-02-15T10:55:43.763260900Z,1771152943763,KEYCLOAK_AUTH,30955200,30.9552,success=true
2026-02-15T10:55:43.789970500Z,1771152943789,KEYCLOAK_AUTH,26309700,26.3097,success=true
2026-02-15T10:55:43.816741700Z,1771152943816,KEYCLOAK_AUTH,26661399,26.6614,success=true
2026-02-15T10:55:43.842858300Z,1771152943842,KEYCLOAK_AUTH,25712100,25.7121,success=true
2026-02-15T10:55:43.868098900Z,1771152943868,KEYCLOAK_AUTH,25549501,25.5495,success=true
2026-02-15T10:55:43.893020Z,1771152943893,KEYCLOAK_AUTH,24707100,24.7071,success=true
2026-02-15T10:55:43.917954400Z,1771152943917,KEYCLOAK_AUTH,24650699,24.6507,success=true
2026-02-15T10:55:43.943794400Z,1771152943943,KEYCLOAK_AUTH,25776800,25.7768,success=true
2026-02-15T10:55:43.970726900Z,1771152943970,KEYCLOAK_AUTH,26681100,26.6811,success=true
2026-02-15T10:55:43.999152400Z,1771152943999,KEYCLOAK_AUTH,28170100,28.1701,success=true
2026-02-15T10:55:44.023998900Z,1771152944023,KEYCLOAK_AUTH,25075301,25.0753,success=true
2026-02-15T10:55:44.048675700Z,1771152944048,KEYCLOAK_AUTH,24292000,24.2920,success=true
2026-02-15T10:55:44.073671200Z,1771152944073,KEYCLOAK_AUTH,24693200,24.6932,success=true
2026-02-15T10:55:44.098286500Z,1771152944098,KEYCLOAK_AUTH,24961801,24.9618,success=true
2026-02-15T10:55:44.122256800Z,1771152944122,KEYCLOAK_AUTH,23836400,23.8364,success=true
2026-02-15T10:55:44.144957200Z,1771152944144,KEYCLOAK_AUTH,23670800,23.6708,success=true
2026-02-15T10:55:44.169235200Z,1771152944169,KEYCLOAK_AUTH,22685600,22.6856,success=true
2026-02-15T10:55:44.193723200Z,1771152944193,KEYCLOAK_AUTH,24543800,24.5438,success=true
2026-02-15T10:55:44.218953700Z,1771152944218,KEYCLOAK_AUTH,24918701,24.9187,success=true
2026-02-15T10:55:44.243602500Z,1771152944243,KEYCLOAK_AUTH,24553400,24.5534,success=true
2026-02-15T10:55:44.268375100Z,1771152944268,KEYCLOAK_AUTH,24553999,24.5540,success=true
2026-02-15T10:55:44.291781Z,1771152944291,KEYCLOAK_AUTH,23656699,23.6567,success=true
2026-02-15T10:55:44.314956400Z,1771152944314,KEYCLOAK_AUTH,23050400,23.0504,success=true
2026-02-15T10:55:44.338953200Z,1771152944338,KEYCLOAK_AUTH,23962700,23.9627,success=true
2026-02-15T10:55:44.364510900Z,1771152944364,KEYCLOAK_AUTH,24943400,24.9434,success=true
2026-02-15T10:55:44.390296200Z,1771152944390,KEYCLOAK_AUTH,25771700,25.7717,success=true
2026-02-15T10:55:44.416376800Z,1771152944416,KEYCLOAK_AUTH,26298400,26.2984,success=true
2026-02-15T10:55:44.443433600Z,1771152944443,KEYCLOAK_AUTH,26446100,26.4461,success=true
2026-02-15T10:55:44.465825400Z,1771152944465,KEYCLOAK_AUTH,22332299,22.3323,success=true
2026-02-15T10:55:44.487231900Z,1771152944487,KEYCLOAK_AUTH,21199000,21.1990,success=true
2026-02-15T10:55:44.508653600Z,1771152944508,KEYCLOAK_AUTH,21321999,21.3220,success=true
2026-02-15T10:55:44.530628200Z,1771152944530,KEYCLOAK_AUTH,22241100,22.2411,success=true
2026-02-15T10:55:44.554634600Z,1771152944554,KEYCLOAK_AUTH,23550499,23.5505,success=true
2026-02-15T10:55:44.577831700Z,1771152944577,KEYCLOAK_AUTH,23421299,23.4213,success=true
2026-02-15T10:55:44.601799600Z,1771152944601,KEYCLOAK_AUTH,23640300,23.6403,success=true
2026-02-15T10:55:44.624936200Z,1771152944624,KEYCLOAK_AUTH,23349799,23.3498,success=true
2026-02-15T10:55:44.648436200Z,1771152944648,KEYCLOAK_AUTH,23422199,23.4222,success=true
2026-02-15T10:55:44.672562100Z,1771152944672,KEYCLOAK_AUTH,23716200,23.7162,success=true
2026-02-15T10:55:44.695326700Z,1771152944695,KEYCLOAK_AUTH,23511000,23.5110,success=true
2026-02-15T10:55:44.719325Z,1771152944719,KEYCLOAK_AUTH,23374000,23.3740,success=true
2026-02-15T10:55:44.743653400Z,1771152944743,KEYCLOAK_AUTH,23818700,23.8187,success=true
2026-02-15T10:55:44.766301100Z,1771152944766,KEYCLOAK_AUTH,23071500,23.0715,success=true
2026-02-15T10:55:44.788754800Z,1771152944788,KEYCLOAK_AUTH,22774000,22.7740,success=true
2026-02-15T10:55:44.812461900Z,1771152944812,KEYCLOAK_AUTH,23057499,23.0575,success=true
2026-02-15T10:55:44.836726300Z,1771152944836,KEYCLOAK_AUTH,24109300,24.1093,success=true
2026-02-15T10:55:44.861660700Z,1771152944861,KEYCLOAK_AUTH,24753499,24.7535,success=true
2026-02-15T10:55:44.886138700Z,1771152944886,KEYCLOAK_AUTH,24363700,24.3637,success=true
2026-02-15T10:55:44.911492300Z,1771152944911,KEYCLOAK_AUTH,25211900,25.2119,success=true
2026-02-15T10:55:44.937508600Z,1771152944937,KEYCLOAK_AUTH,25948099,25.9481,success=true
2026-02-15T10:55:44.966956300Z,1771152944966,KEYCLOAK_AUTH,29188200,29.1882,success=true
2026-02-15T10:55:44.992815500Z,1771152944992,KEYCLOAK_AUTH,25591400,25.5914,success=true
2026-02-15T10:55:45.019139800Z,1771152945019,KEYCLOAK_AUTH,26401900,26.4019,success=true
2026-02-15T10:55:45.046386300Z,1771152945046,KEYCLOAK_AUTH,26999899,26.9999,success=true
2026-02-15T10:55:45.072381700Z,1771152945072,KEYCLOAK_AUTH,26099199,26.0992,success=true
2026-02-15T10:55:45.098979700Z,1771152945098,KEYCLOAK_AUTH,26302099,26.3021,success=true
2026-02-15T10:55:45.126841600Z,1771152945126,KEYCLOAK_AUTH,27628200,27.6282,success=true
2026-02-15T10:55:45.152478600Z,1771152945152,KEYCLOAK_AUTH,25292499,25.2925,success=true
2026-02-15T10:55:45.178671100Z,1771152945178,KEYCLOAK_AUTH,27071799,27.0718,success=true
2026-02-15T10:55:45.199961200Z,1771152945199,KEYCLOAK_AUTH,20660601,20.6606,success=true
2026-02-15T10:55:45.222572300Z,1771152945222,KEYCLOAK_AUTH,22105900,22.1059,success=true
2026-02-15T10:55:45.248603300Z,1771152945248,KEYCLOAK_AUTH,26318500,26.3185,success=true
2026-02-15T10:55:45.272565400Z,1771152945272,KEYCLOAK_AUTH,23436099,23.4361,success=true
2026-02-15T10:55:45.296021200Z,1771152945296,KEYCLOAK_AUTH,23377399,23.3774,success=true
2026-02-15T10:55:45.319164100Z,1771152945319,KEYCLOAK_AUTH,23058800,23.0588,success=true
2026-02-15T10:55:45.342024600Z,1771152945342,KEYCLOAK_AUTH,23188500,23.1885,success=true
2026-02-15T10:55:45.365933700Z,1771152945365,KEYCLOAK_AUTH,23464900,23.4649,success=true
2026-02-15T10:55:45.387399500Z,1771152945387,KEYCLOAK_AUTH,21665001,21.6650,success=true
2026-02-15T10:55:45.408605500Z,1771152945408,KEYCLOAK_AUTH,21128499,21.1285,success=true
2026-02-15T10:55:45.430660500Z,1771152945430,KEYCLOAK_AUTH,22140400,22.1404,success=true
2026-02-15T10:55:45.452909500Z,1771152945452,KEYCLOAK_AUTH,21711699,21.7117,success=true
2026-02-15T10:55:45.475874900Z,1771152945475,KEYCLOAK_AUTH,23139100,23.1391,success=true
2026-02-15T10:55:45.502519800Z,1771152945502,KEYCLOAK_AUTH,26242000,26.2420,success=true
2026-02-15T10:55:45.525090200Z,1771152945525,KEYCLOAK_AUTH,22559899,22.5599,success=true
2026-02-15T10:55:45.546090600Z,1771152945546,KEYCLOAK_AUTH,21846700,21.8467,success=true
2026-02-15T10:55:45.572048600Z,1771152945572,KEYCLOAK_AUTH,25653100,25.6531,success=true
2026-02-15T10:55:45.593465500Z,1771152945593,KEYCLOAK_AUTH,21379000,21.3790,success=true
2026-02-15T10:55:45.617652600Z,1771152945617,KEYCLOAK_AUTH,23174600,23.1746,success=true
2026-02-15T10:55:45.640797500Z,1771152945640,KEYCLOAK_AUTH,23189000,23.1890,success=true
2026-02-15T10:55:45.662989700Z,1771152945662,KEYCLOAK_AUTH,21999000,21.9990,success=true
2026-02-15T10:55:45.683898700Z,1771152945683,KEYCLOAK_AUTH,21236800,21.2368,success=true
2026-02-15T10:55:45.706015900Z,1771152945706,KEYCLOAK_AUTH,21640500,21.6405,success=true
2026-02-15T10:55:45.728511300Z,1771152945728,KEYCLOAK_AUTH,22441700,22.4417,success=true
2026-02-15T10:55:45.750942900Z,1771152945750,KEYCLOAK_AUTH,22369401,22.3694,success=true
2026-02-15T10:55:45.774276800Z,1771152945774,KEYCLOAK_AUTH,23155201,23.1552,success=true
2026-02-15T10:55:45.797343900Z,1771152945797,KEYCLOAK_AUTH,23038800,23.0388,success=true
2026-02-15T10:55:45.818185500Z,1771152945818,KEYCLOAK_AUTH,21142300,21.1423,success=true
2026-02-15T10:55:45.839605900Z,1771152945839,KEYCLOAK_AUTH,21057201,21.0572,success=true
2026-02-15T10:55:45.862125600Z,1771152945862,KEYCLOAK_AUTH,23240200,23.2402,success=true
2026-02-15T10:55:45.886529800Z,1771152945886,KEYCLOAK_AUTH,23466200,23.4662,success=true
2026-02-15T10:55:45.909612200Z,1771152945909,KEYCLOAK_AUTH,22962300,22.9623,success=true
2026-02-15T10:55:45.931780100Z,1771152945931,KEYCLOAK_AUTH,22355799,22.3558,success=true
2026-02-15T10:55:45.955955700Z,1771152945955,KEYCLOAK_AUTH,23852199,23.8522,success=true
2026-02-15T10:55:45.980403100Z,1771152945980,KEYCLOAK_AUTH,24328200,24.3282,success=true
2026-02-15T10:55:46.005907200Z,1771152946005,KEYCLOAK_AUTH,25627600,25.6276,success=true
2026-02-15T10:55:46.031274600Z,1771152946031,KEYCLOAK_AUTH,25523100,25.5231,success=true
2026-02-15T10:55:46.057659400Z,1771152946057,KEYCLOAK_AUTH,25742800,25.7428,success=true
2026-02-15T10:55:46.082767400Z,1771152946082,KEYCLOAK_AUTH,25142601,25.1426,success=true
2026-02-15T10:55:46.107946800Z,1771152946107,KEYCLOAK_AUTH,24919899,24.9199,success=true
2026-02-15T10:55:46.137072Z,1771152946137,KEYCLOAK_AUTH,29026500,29.0265,success=true
2026-02-15T10:55:46.159887Z,1771152946159,KEYCLOAK_AUTH,22904499,22.9045,success=true
2026-02-15T10:55:46.184900500Z,1771152946184,KEYCLOAK_AUTH,24594400,24.5944,success=true
2026-02-15T10:55:46.209618100Z,1771152946209,KEYCLOAK_AUTH,24618201,24.6182,success=true
2026-02-15T10:55:46.233409500Z,1771152946233,KEYCLOAK_AUTH,23959799,23.9598,success=true
2026-02-15T10:55:46.255005400Z,1771152946255,KEYCLOAK_AUTH,21435901,21.4359,success=true
2026-02-15T10:55:46.277024900Z,1771152946277,KEYCLOAK_AUTH,21606499,21.6065,success=true
2026-02-15T10:55:46.300255900Z,1771152946300,KEYCLOAK_AUTH,23322000,23.3220,success=true
2026-02-15T10:55:46.323902100Z,1771152946323,KEYCLOAK_AUTH,23423201,23.4232,success=true
2026-02-15T10:55:46.347353600Z,1771152946347,KEYCLOAK_AUTH,23674500,23.6745,success=true
2026-02-15T10:55:46.369737Z,1771152946369,KEYCLOAK_AUTH,22222701,22.2227,success=true
2026-02-15T10:55:46.393870400Z,1771152946393,KEYCLOAK_AUTH,23702899,23.7029,success=true
2026-02-15T10:55:46.416977800Z,1771152946416,KEYCLOAK_AUTH,23083800,23.0838,success=true
2026-02-15T10:55:46.440082400Z,1771152946440,KEYCLOAK_AUTH,23139601,23.1396,success=true
2026-02-15T10:55:46.463958700Z,1771152946463,KEYCLOAK_AUTH,23565700,23.5657,success=true
2026-02-15T10:55:46.488066300Z,1771152946488,KEYCLOAK_AUTH,23950800,23.9508,success=true
2026-02-15T10:55:46.512199500Z,1771152946512,KEYCLOAK_AUTH,24381600,24.3816,success=true
2026-02-15T10:55:46.536525500Z,1771152946536,KEYCLOAK_AUTH,23892001,23.8920,success=true
2026-02-15T10:55:46.558795100Z,1771152946558,KEYCLOAK_AUTH,22576299,22.5763,success=true
2026-02-15T10:55:46.585031800Z,1771152946585,KEYCLOAK_AUTH,25722800,25.7228,success=true
2026-02-15T10:55:46.608126900Z,1771152946608,KEYCLOAK_AUTH,23107401,23.1074,success=true
2026-02-15T10:55:46.629595900Z,1771152946629,KEYCLOAK_AUTH,21498200,21.4982,success=true
2026-02-15T10:55:46.650781200Z,1771152946650,KEYCLOAK_AUTH,21050399,21.0504,success=true
2026-02-15T10:55:46.672339500Z,1771152946672,KEYCLOAK_AUTH,21371100,21.3711,success=true
2026-02-15T10:55:46.693549400Z,1771152946693,KEYCLOAK_AUTH,21247100,21.2471,success=true
2026-02-15T10:55:46.716718400Z,1771152946716,KEYCLOAK_AUTH,23377800,23.3778,success=true
2026-02-15T10:55:46.740376Z,1771152946740,KEYCLOAK_AUTH,23977300,23.9773,success=true
2026-02-15T10:55:46.764805200Z,1771152946764,KEYCLOAK_AUTH,23900199,23.9002,success=true
2026-02-15T10:55:46.787717600Z,1771152946787,KEYCLOAK_AUTH,22875200,22.8752,success=true
2026-02-15T10:55:46.811792600Z,1771152946811,KEYCLOAK_AUTH,23692800,23.6928,success=true
2026-02-15T10:55:46.835428500Z,1771152946835,KEYCLOAK_AUTH,23370999,23.3710,success=true
2026-02-15T10:55:46.859458200Z,1771152946859,KEYCLOAK_AUTH,24325901,24.3259,success=true
2026-02-15T10:55:46.882915Z,1771152946882,KEYCLOAK_AUTH,23196000,23.1960,success=true
2026-02-15T10:55:46.906497100Z,1771152946906,KEYCLOAK_AUTH,23294600,23.2946,success=true
2026-02-15T10:55:46.930220300Z,1771152946930,KEYCLOAK_AUTH,24026599,24.0266,success=true
2026-02-15T10:55:46.953563700Z,1771152946953,KEYCLOAK_AUTH,23366901,23.3669,success=true
2026-02-15T10:55:46.977194300Z,1771152946977,KEYCLOAK_AUTH,22976100,22.9761,success=true
2026-02-15T10:55:46.999258400Z,1771152946999,KEYCLOAK_AUTH,23279800,23.2798,success=true
2026-02-15T10:55:47.023860300Z,1771152947023,KEYCLOAK_AUTH,23471700,23.4717,success=true
2026-02-15T10:55:47.048620700Z,1771152947048,KEYCLOAK_AUTH,24637999,24.6380,success=true
2026-02-15T10:55:47.074135100Z,1771152947074,KEYCLOAK_AUTH,25390601,25.3906,success=true
2026-02-15T10:55:47.099977300Z,1771152947099,KEYCLOAK_AUTH,25723700,25.7237,success=true
2026-02-15T10:55:47.124336400Z,1771152947124,KEYCLOAK_AUTH,25279300,25.2793,success=true
2026-02-15T10:55:47.148372900Z,1771152947148,KEYCLOAK_AUTH,22772899,22.7729,success=true
2026-02-15T10:55:47.171081400Z,1771152947171,KEYCLOAK_AUTH,22734400,22.7344,success=true
2026-02-15T10:55:47.194435700Z,1771152947194,KEYCLOAK_AUTH,22876700,22.8767,success=true
2026-02-15T10:55:47.218539900Z,1771152947218,KEYCLOAK_AUTH,24146400,24.1464,success=true
2026-02-15T10:55:47.243596700Z,1771152947243,KEYCLOAK_AUTH,24906100,24.9061,success=true
2026-02-15T10:55:47.266602700Z,1771152947266,KEYCLOAK_AUTH,22840899,22.8409,success=true
2026-02-15T10:55:47.289322400Z,1771152947289,KEYCLOAK_AUTH,23071600,23.0716,success=true
2026-02-15T10:55:47.312334Z,1771152947312,KEYCLOAK_AUTH,23380200,23.3802,success=true
2026-02-15T10:55:47.338246500Z,1771152947338,KEYCLOAK_AUTH,25139300,25.1393,success=true
2026-02-15T10:55:47.364238Z,1771152947364,KEYCLOAK_AUTH,25557301,25.5573,success=true
2026-02-15T10:55:47.389657200Z,1771152947389,KEYCLOAK_AUTH,25391100,25.3911,success=true
2026-02-15T10:55:47.414414800Z,1771152947414,KEYCLOAK_AUTH,24853100,24.8531,success=true
2026-02-15T10:55:47.438605800Z,1771152947438,KEYCLOAK_AUTH,24155799,24.1558,success=true
2026-02-15T10:55:47.462135800Z,1771152947462,KEYCLOAK_AUTH,22935799,22.9358,success=true
2026-02-15T10:55:47.485407700Z,1771152947485,KEYCLOAK_AUTH,23667400,23.6674,success=true
2026-02-15T10:55:47.506518700Z,1771152947506,KEYCLOAK_AUTH,21063601,21.0636,success=true
2026-02-15T10:55:47.529515900Z,1771152947529,KEYCLOAK_AUTH,22648999,22.6490,success=true
2026-02-15T10:55:47.553463800Z,1771152947553,KEYCLOAK_AUTH,23740300,23.7403,success=true
2026-02-15T10:55:47.574969900Z,1771152947574,KEYCLOAK_AUTH,21634301,21.6343,success=true
2026-02-15T10:55:47.596375800Z,1771152947596,KEYCLOAK_AUTH,21030200,21.0302,success=true
2026-02-15T10:55:47.618603700Z,1771152947618,KEYCLOAK_AUTH,22195700,22.1957,success=true
2026-02-15T10:55:47.640829700Z,1771152947640,KEYCLOAK_AUTH,22108499,22.1085,success=true
2026-02-15T10:55:47.663913Z,1771152947663,KEYCLOAK_AUTH,23007400,23.0074,success=true
2026-02-15T10:55:47.687190800Z,1771152947687,KEYCLOAK_AUTH,23261599,23.2616,success=true
2026-02-15T10:55:47.708723300Z,1771152947708,KEYCLOAK_AUTH,21505200,21.5052,success=true
2026-02-15T10:55:47.730923500Z,1771152947730,KEYCLOAK_AUTH,22318401,22.3184,success=true
2026-02-15T10:55:47.753239400Z,1771152947753,KEYCLOAK_AUTH,22094401,22.0944,success=true
2026-02-15T10:55:47.774217900Z,1771152947774,KEYCLOAK_AUTH,21072699,21.0727,success=true
2026-02-15T10:55:47.795053Z,1771152947795,KEYCLOAK_AUTH,20737800,20.7378,success=true
2026-02-15T10:55:47.817140600Z,1771152947817,KEYCLOAK_AUTH,21728500,21.7285,success=true
2026-02-15T10:55:47.838535400Z,1771152947838,KEYCLOAK_AUTH,21752500,21.7525,success=true
2026-02-15T10:55:47.861549Z,1771152947861,KEYCLOAK_AUTH,22350900,22.3509,success=true
2026-02-15T10:55:47.883633900Z,1771152947883,KEYCLOAK_AUTH,22488400,22.4884,success=true
2026-02-15T10:55:47.906274400Z,1771152947906,KEYCLOAK_AUTH,22025801,22.0258,success=true
2026-02-15T10:55:47.927536900Z,1771152947927,KEYCLOAK_AUTH,21288501,21.2885,success=true
2026-02-15T10:55:47.949291300Z,1771152947949,KEYCLOAK_AUTH,21588101,21.5881,success=true
2026-02-15T10:55:47.971923400Z,1771152947971,KEYCLOAK_AUTH,22755700,22.7557,success=true
2026-02-15T10:55:47.995374600Z,1771152947995,KEYCLOAK_AUTH,23410901,23.4109,success=true
2026-02-15T10:55:48.023228400Z,1771152948023,KEYCLOAK_AUTH,27569400,27.5694,success=true
2026-02-15T10:55:48.045608700Z,1771152948045,KEYCLOAK_AUTH,22297301,22.2973,success=true
2026-02-15T10:55:48.067727900Z,1771152948067,KEYCLOAK_AUTH,21942801,21.9428,success=true
2026-02-15T10:55:48.089821700Z,1771152948089,KEYCLOAK_AUTH,22411499,22.4115,success=true
2026-02-15T10:55:48.112699700Z,1771152948112,KEYCLOAK_AUTH,22286901,22.2869,success=true
2026-02-15T10:55:48.134048900Z,1771152948134,KEYCLOAK_AUTH,21687101,21.6871,success=true
2026-02-15T10:55:48.158625500Z,1771152948158,KEYCLOAK_AUTH,24420000,24.4200,success=true
2026-02-15T10:55:48.182041800Z,1771152948182,KEYCLOAK_AUTH,23209000,23.2090,success=true
2026-02-15T10:55:48.205864400Z,1771152948205,KEYCLOAK_AUTH,23749100,23.7491,success=true
2026-02-15T10:55:48.228575800Z,1771152948228,KEYCLOAK_AUTH,22751600,22.7516,success=true
2026-02-15T10:55:48.250773200Z,1771152948250,KEYCLOAK_AUTH,22992701,22.9927,success=true
2026-02-15T10:55:48.275185300Z,1771152948275,KEYCLOAK_AUTH,23104701,23.1047,success=true
2026-02-15T10:55:48.298864100Z,1771152948298,KEYCLOAK_AUTH,23468500,23.4685,success=true
2026-02-15T10:55:48.322486200Z,1771152948322,KEYCLOAK_AUTH,23540301,23.5403,success=true
2026-02-15T10:55:48.346239200Z,1771152948346,KEYCLOAK_AUTH,23810100,23.8101,success=true
2026-02-15T10:55:48.369450500Z,1771152948369,KEYCLOAK_AUTH,22865499,22.8655,success=true
2026-02-15T10:55:48.392638300Z,1771152948392,KEYCLOAK_AUTH,23294901,23.2949,success=true
2026-02-15T10:55:48.417419600Z,1771152948417,KEYCLOAK_AUTH,24295800,24.2958,success=true
2026-02-15T10:55:48.440972300Z,1771152948440,KEYCLOAK_AUTH,23743300,23.7433,success=true
2026-02-15T10:55:48.463254400Z,1771152948463,KEYCLOAK_AUTH,22257200,22.2572,success=true
2026-02-15T10:55:48.485779Z,1771152948485,KEYCLOAK_AUTH,22268301,22.2683,success=true
2026-02-15T10:55:48.513244400Z,1771152948513,KEYCLOAK_AUTH,27304699,27.3047,success=true
2026-02-15T10:55:48.545645100Z,1771152948545,KEYCLOAK_AUTH,32514600,32.5146,success=true
2026-02-15T10:55:48.571911200Z,1771152948571,KEYCLOAK_AUTH,26122400,26.1224,success=true
2026-02-15T10:55:48.596203800Z,1771152948596,KEYCLOAK_AUTH,23973699,23.9737,success=true
2026-02-15T10:55:48.620827Z,1771152948620,KEYCLOAK_AUTH,24508799,24.5088,success=true
2026-02-15T10:55:48.645151500Z,1771152948645,KEYCLOAK_AUTH,23999200,23.9992,success=true
2026-02-15T10:55:48.669422400Z,1771152948669,KEYCLOAK_AUTH,23987500,23.9875,success=true
2026-02-15T10:55:48.693177100Z,1771152948693,KEYCLOAK_AUTH,23944600,23.9446,success=true
2026-02-15T10:55:48.716438Z,1771152948716,KEYCLOAK_AUTH,23437100,23.4371,success=true
2026-02-15T10:55:48.740204500Z,1771152948740,KEYCLOAK_AUTH,23128300,23.1283,success=true
2026-02-15T10:55:48.764140Z,1771152948764,KEYCLOAK_AUTH,24238900,24.2389,success=true
2026-02-15T10:55:48.786897500Z,1771152948786,KEYCLOAK_AUTH,22413800,22.4138,success=true
2026-02-15T10:55:48.809665Z,1771152948809,KEYCLOAK_AUTH,22678199,22.6782,success=true
2026-02-15T10:55:48.831310400Z,1771152948831,KEYCLOAK_AUTH,21318799,21.3188,success=true
2026-02-15T10:55:48.853586100Z,1771152948853,KEYCLOAK_AUTH,22545399,22.5454,success=true
2026-02-15T10:55:48.875804300Z,1771152948875,KEYCLOAK_AUTH,21925700,21.9257,success=true
2026-02-15T10:55:48.899138100Z,1771152948899,KEYCLOAK_AUTH,23344200,23.3442,success=true
2026-02-15T10:55:48.922391100Z,1771152948922,KEYCLOAK_AUTH,23458199,23.4582,success=true
2026-02-15T10:55:48.946263700Z,1771152948946,KEYCLOAK_AUTH,23596001,23.5960,success=true
2026-02-15T10:55:48.968236100Z,1771152948968,KEYCLOAK_AUTH,21837000,21.8370,success=true
2026-02-15T10:55:48.989548Z,1771152948989,KEYCLOAK_AUTH,21297999,21.2980,success=true
2026-02-15T10:55:49.012217900Z,1771152949012,KEYCLOAK_AUTH,22395300,22.3953,success=true
2026-02-15T10:55:49.036284800Z,1771152949036,KEYCLOAK_AUTH,24036600,24.0366,success=true
2026-02-15T10:55:49.059770Z,1771152949059,KEYCLOAK_AUTH,23543501,23.5435,success=true
2026-02-15T10:55:49.081930900Z,1771152949081,KEYCLOAK_AUTH,21812300,21.8123,success=true
2026-02-15T10:55:49.103047300Z,1771152949103,KEYCLOAK_AUTH,21402000,21.4020,success=true
2026-02-15T10:55:49.124961200Z,1771152949124,KEYCLOAK_AUTH,21902201,21.9022,success=true
2026-02-15T10:55:49.146367200Z,1771152949146,KEYCLOAK_AUTH,21490100,21.4901,success=true
2026-02-15T10:55:49.168625300Z,1771152949168,KEYCLOAK_AUTH,21699600,21.6996,success=true
2026-02-15T10:55:49.190091500Z,1771152949190,KEYCLOAK_AUTH,21326699,21.3267,success=true
2026-02-15T10:55:49.211603300Z,1771152949211,KEYCLOAK_AUTH,21276201,21.2762,success=true
2026-02-15T10:55:49.235032Z,1771152949235,KEYCLOAK_AUTH,23539001,23.5390,success=true
2026-02-15T10:55:49.258640300Z,1771152949258,KEYCLOAK_AUTH,23792800,23.7928,success=true
2026-02-15T10:55:49.285858500Z,1771152949285,KEYCLOAK_AUTH,26860300,26.8603,success=true
2026-02-15T10:55:49.309704100Z,1771152949309,KEYCLOAK_AUTH,23556700,23.5567,success=true
2026-02-15T10:55:49.333415600Z,1771152949333,KEYCLOAK_AUTH,23767399,23.7674,success=true
2026-02-15T10:55:49.356147300Z,1771152949356,KEYCLOAK_AUTH,22360600,22.3606,success=true
2026-02-15T10:55:49.378901800Z,1771152949378,KEYCLOAK_AUTH,22694900,22.6949,success=true
2026-02-15T10:55:49.402184300Z,1771152949402,KEYCLOAK_AUTH,23294200,23.2942,success=true
2026-02-15T10:55:49.426750800Z,1771152949426,KEYCLOAK_AUTH,24245000,24.2450,success=true
2026-02-15T10:55:49.450748200Z,1771152949450,KEYCLOAK_AUTH,24117700,24.1177,success=true
2026-02-15T10:55:49.474927300Z,1771152949474,KEYCLOAK_AUTH,23879800,23.8798,success=true
2026-02-15T10:55:49.498737100Z,1771152949498,KEYCLOAK_AUTH,23727200,23.7272,success=true
2026-02-15T10:55:49.522200500Z,1771152949522,KEYCLOAK_AUTH,23246500,23.2465,success=true
2026-02-15T10:55:49.544595600Z,1771152949544,KEYCLOAK_AUTH,22489300,22.4893,success=true
2026-02-15T10:55:49.566070100Z,1771152949566,KEYCLOAK_AUTH,21074401,21.0744,success=true
2026-02-15T10:55:49.587758200Z,1771152949587,KEYCLOAK_AUTH,21655200,21.6552,success=true
2026-02-15T10:55:49.610729900Z,1771152949610,KEYCLOAK_AUTH,22896600,22.8966,success=true
2026-02-15T10:55:49.631925200Z,1771152949631,KEYCLOAK_AUTH,21245599,21.2456,success=true
2026-02-15T10:55:49.654312300Z,1771152949654,KEYCLOAK_AUTH,22686701,22.6867,success=true
2026-02-15T10:55:49.675640100Z,1771152949675,KEYCLOAK_AUTH,21059100,21.0591,success=true
2026-02-15T10:55:49.697395800Z,1771152949697,KEYCLOAK_AUTH,21320801,21.3208,success=true
2026-02-15T10:55:49.718934700Z,1771152949718,KEYCLOAK_AUTH,21735699,21.7357,success=true
2026-02-15T10:55:49.741351400Z,1771152949741,KEYCLOAK_AUTH,22149500,22.1495,success=true
2026-02-15T10:55:49.765038100Z,1771152949765,KEYCLOAK_AUTH,23687399,23.6874,success=true
2026-02-15T10:55:49.788586500Z,1771152949788,KEYCLOAK_AUTH,23429500,23.4295,success=true
2026-02-15T10:55:49.811562500Z,1771152949811,KEYCLOAK_AUTH,22848400,22.8484,success=true
2026-02-15T10:55:49.834887Z,1771152949834,KEYCLOAK_AUTH,23359000,23.3590,success=true
2026-02-15T10:55:49.859044400Z,1771152949859,KEYCLOAK_AUTH,23690200,23.6902,success=true
2026-02-15T10:55:49.882918600Z,1771152949882,KEYCLOAK_AUTH,23787300,23.7873,success=true
2026-02-15T10:55:49.905796100Z,1771152949905,KEYCLOAK_AUTH,22853800,22.8538,success=true
2026-02-15T10:55:49.930095800Z,1771152949930,KEYCLOAK_AUTH,24106100,24.1061,success=true
2026-02-15T10:55:49.953102100Z,1771152949953,KEYCLOAK_AUTH,22918500,22.9185,success=true
2026-02-15T10:55:49.976249700Z,1771152949976,KEYCLOAK_AUTH,23358500,23.3585,success=true
2026-02-15T10:55:49.998715500Z,1771152949998,KEYCLOAK_AUTH,22099500,22.0995,success=true
2026-02-15T10:55:50.019421800Z,1771152950019,KEYCLOAK_AUTH,21912100,21.9121,success=true
2026-02-15T10:55:50.042923Z,1771152950042,KEYCLOAK_AUTH,22032300,22.0323,success=true
2026-02-15T10:55:50.064874700Z,1771152950064,KEYCLOAK_AUTH,21766000,21.7660,success=true
2026-02-15T10:55:50.086183700Z,1771152950086,KEYCLOAK_AUTH,21455201,21.4552,success=true
2026-02-15T10:55:50.108147Z,1771152950108,KEYCLOAK_AUTH,21943401,21.9434,success=true
2026-02-15T10:55:50.130367200Z,1771152950130,KEYCLOAK_AUTH,22210600,22.2106,success=true
2026-02-15T10:55:50.153413200Z,1771152950153,KEYCLOAK_AUTH,22743900,22.7439,success=true
2026-02-15T10:55:50.176149Z,1771152950176,KEYCLOAK_AUTH,22594699,22.5947,success=true
2026-02-15T10:55:50.199339900Z,1771152950199,KEYCLOAK_AUTH,23295800,23.2958,success=true
2026-02-15T10:55:50.222288300Z,1771152950222,KEYCLOAK_AUTH,22543000,22.5430,success=true
2026-02-15T10:55:50.244981600Z,1771152950244,KEYCLOAK_AUTH,23023699,23.0237,success=true
2026-02-15T10:55:50.267476600Z,1771152950267,KEYCLOAK_AUTH,21964201,21.9642,success=true
2026-02-15T10:55:50.289615900Z,1771152950289,KEYCLOAK_AUTH,22533001,22.5330,success=true
2026-02-15T10:55:50.313871600Z,1771152950313,KEYCLOAK_AUTH,23697501,23.6975,success=true
2026-02-15T10:55:50.337110200Z,1771152950337,KEYCLOAK_AUTH,23308800,23.3088,success=true
2026-02-15T10:55:50.360239200Z,1771152950360,KEYCLOAK_AUTH,23246400,23.2464,success=true
2026-02-15T10:55:50.383928300Z,1771152950383,KEYCLOAK_AUTH,23287599,23.2876,success=true
2026-02-15T10:55:50.407548600Z,1771152950407,KEYCLOAK_AUTH,23706100,23.7061,success=true
2026-02-15T10:55:50.432330200Z,1771152950432,KEYCLOAK_AUTH,24747000,24.7470,success=true
2026-02-15T10:55:50.455549100Z,1771152950455,KEYCLOAK_AUTH,22842000,22.8420,success=true
2026-02-15T10:55:50.478243800Z,1771152950478,KEYCLOAK_AUTH,22707500,22.7075,success=true
2026-02-15T10:55:50.501411Z,1771152950501,KEYCLOAK_AUTH,22905999,22.9060,success=true
2026-02-15T10:55:50.525788100Z,1771152950525,KEYCLOAK_AUTH,24299500,24.2995,success=true
2026-02-15T10:55:50.551664300Z,1771152950551,KEYCLOAK_AUTH,25713299,25.7133,success=true
2026-02-15T10:55:50.577435200Z,1771152950577,KEYCLOAK_AUTH,25687101,25.6871,success=true
2026-02-15T10:55:50.603187300Z,1771152950603,KEYCLOAK_AUTH,25840600,25.8406,success=true
2026-02-15T10:55:50.628754900Z,1771152950628,KEYCLOAK_AUTH,25340399,25.3404,success=true
2026-02-15T10:55:50.654411100Z,1771152950654,KEYCLOAK_AUTH,25524499,25.5245,success=true
2026-02-15T10:55:50.680264600Z,1771152950680,KEYCLOAK_AUTH,25566201,25.5662,success=true
2026-02-15T10:55:50.709502500Z,1771152950709,KEYCLOAK_AUTH,29213600,29.2136,success=true
2026-02-15T10:55:50.734475300Z,1771152950734,KEYCLOAK_AUTH,24846400,24.8464,success=true
2026-02-15T10:55:50.759679300Z,1771152950759,KEYCLOAK_AUTH,25223800,25.2238,success=true
2026-02-15T10:55:50.785780700Z,1771152950785,KEYCLOAK_AUTH,25806300,25.8063,success=true
2026-02-15T10:55:50.810468Z,1771152950810,KEYCLOAK_AUTH,24708201,24.7082,success=true
2026-02-15T10:55:50.835951500Z,1771152950835,KEYCLOAK_AUTH,25487900,25.4879,success=true
2026-02-15T10:55:50.861717400Z,1771152950861,KEYCLOAK_AUTH,25300401,25.3004,success=true
2026-02-15T10:55:50.886304700Z,1771152950886,KEYCLOAK_AUTH,24483500,24.4835,success=true
2026-02-15T10:55:50.911152Z,1771152950911,KEYCLOAK_AUTH,24635000,24.6350,success=true
2026-02-15T10:55:50.936124900Z,1771152950936,KEYCLOAK_AUTH,25494099,25.4941,success=true
2026-02-15T10:55:50.963601800Z,1771152950963,KEYCLOAK_AUTH,27078599,27.0786,success=true
2026-02-15T10:55:50.987760100Z,1771152950987,KEYCLOAK_AUTH,23929100,23.9291,success=true
2026-02-15T10:55:51.014789500Z,1771152951014,KEYCLOAK_AUTH,26583001,26.5830,success=true
2026-02-15T10:55:51.040027900Z,1771152951040,KEYCLOAK_AUTH,25222700,25.2227,success=true
2026-02-15T10:55:51.063375900Z,1771152951063,KEYCLOAK_AUTH,23271901,23.2719,success=true
2026-02-15T10:55:51.089584Z,1771152951089,KEYCLOAK_AUTH,25936600,25.9366,success=true
2026-02-15T10:55:51.113695600Z,1771152951113,KEYCLOAK_AUTH,24112201,24.1122,success=true
2026-02-15T10:55:51.138336700Z,1771152951138,KEYCLOAK_AUTH,24462600,24.4626,success=true
2026-02-15T10:55:51.163786100Z,1771152951163,KEYCLOAK_AUTH,25797599,25.7976,success=true
2026-02-15T10:55:51.186538500Z,1771152951186,KEYCLOAK_AUTH,22431400,22.4314,success=true
2026-02-15T10:55:51.209453800Z,1771152951209,KEYCLOAK_AUTH,22761201,22.7612,success=true
2026-02-15T10:55:51.231901400Z,1771152951231,KEYCLOAK_AUTH,22489100,22.4891,success=true
2026-02-15T10:55:51.265605800Z,1771152951265,KEYCLOAK_AUTH,33998299,33.9983,success=true
2026-02-15T10:55:51.291985300Z,1771152951291,KEYCLOAK_AUTH,25459800,25.4598,success=true
2026-02-15T10:55:51.314556500Z,1771152951314,KEYCLOAK_AUTH,22464801,22.4648,success=true
2026-02-15T10:55:51.339585Z,1771152951339,KEYCLOAK_AUTH,25369701,25.3697,success=true
2026-02-15T10:55:51.365563400Z,1771152951365,KEYCLOAK_AUTH,25493501,25.4935,success=true
2026-02-15T10:55:51.390802900Z,1771152951390,KEYCLOAK_AUTH,25147900,25.1479,success=true
2026-02-15T10:55:51.416179200Z,1771152951416,KEYCLOAK_AUTH,25494500,25.4945,success=true
2026-02-15T10:55:51.442008Z,1771152951442,KEYCLOAK_AUTH,25791300,25.7913,success=true
2026-02-15T10:55:51.468508400Z,1771152951468,KEYCLOAK_AUTH,26012099,26.0121,success=true
2026-02-15T10:55:51.496387200Z,1771152951496,KEYCLOAK_AUTH,27930300,27.9303,success=true
2026-02-15T10:55:51.523821100Z,1771152951523,KEYCLOAK_AUTH,27306200,27.3062,success=true
2026-02-15T10:55:51.549310400Z,1771152951549,KEYCLOAK_AUTH,25126901,25.1269,success=true
2026-02-15T10:55:51.574659800Z,1771152951574,KEYCLOAK_AUTH,26183500,26.1835,success=true
2026-02-15T10:55:51.600618200Z,1771152951600,KEYCLOAK_AUTH,25050600,25.0506,success=true
2026-02-15T10:55:51.627589500Z,1771152951627,KEYCLOAK_AUTH,26980000,26.9800,success=true
2026-02-15T10:55:51.652732200Z,1771152951652,KEYCLOAK_AUTH,25134800,25.1348,success=true
2026-02-15T10:55:51.678076100Z,1771152951678,KEYCLOAK_AUTH,25001499,25.0015,success=true
2026-02-15T10:55:51.701818300Z,1771152951701,KEYCLOAK_AUTH,23567600,23.5676,success=true
2026-02-15T10:55:51.725112900Z,1771152951725,KEYCLOAK_AUTH,23193500,23.1935,success=true
2026-02-15T10:55:51.749070200Z,1771152951749,KEYCLOAK_AUTH,25675700,25.6757,success=true
2026-02-15T10:55:51.777376500Z,1771152951777,KEYCLOAK_AUTH,26271400,26.2714,success=true
2026-02-15T10:55:51.803435400Z,1771152951803,KEYCLOAK_AUTH,26303900,26.3039,success=true
2026-02-15T10:55:51.826918100Z,1771152951826,KEYCLOAK_AUTH,22942300,22.9423,success=true
2026-02-15T10:55:51.851676700Z,1771152951851,KEYCLOAK_AUTH,24917500,24.9175,success=true
2026-02-15T10:55:51.879692700Z,1771152951879,KEYCLOAK_AUTH,27714201,27.7142,success=true
2026-02-15T10:55:51.902579400Z,1771152951902,KEYCLOAK_AUTH,22862400,22.8624,success=true
2026-02-15T10:55:51.926285800Z,1771152951926,KEYCLOAK_AUTH,23782400,23.7824,success=true
2026-02-15T10:55:51.950234500Z,1771152951950,KEYCLOAK_AUTH,23546000,23.5460,success=true
2026-02-15T10:55:51.973214700Z,1771152951973,KEYCLOAK_AUTH,23197400,23.1974,success=true
2026-02-15T10:55:51.999155900Z,1771152951999,KEYCLOAK_AUTH,25509200,25.5092,success=true
2026-02-15T10:55:52.023574700Z,1771152952023,KEYCLOAK_AUTH,24621100,24.6211,success=true
2026-02-15T10:55:52.047234200Z,1771152952047,KEYCLOAK_AUTH,23045300,23.0453,success=true
2026-02-15T10:55:52.070663400Z,1771152952070,KEYCLOAK_AUTH,23338800,23.3388,success=true
2026-02-15T10:55:52.095253700Z,1771152952095,KEYCLOAK_AUTH,24520400,24.5204,success=true
2026-02-15T10:55:52.119363700Z,1771152952119,KEYCLOAK_AUTH,24324199,24.3242,success=true
2026-02-15T10:55:52.144507500Z,1771152952144,KEYCLOAK_AUTH,24864700,24.8647,success=true
2026-02-15T10:55:52.170163500Z,1771152952170,KEYCLOAK_AUTH,25592200,25.5922,success=true
2026-02-15T10:55:52.196663Z,1771152952196,KEYCLOAK_AUTH,26297200,26.2972,success=true
2026-02-15T10:55:52.223063600Z,1771152952223,KEYCLOAK_AUTH,26462100,26.4621,success=true
2026-02-15T10:55:52.248843200Z,1771152952248,KEYCLOAK_AUTH,25633000,25.6330,success=true
2026-02-15T10:55:52.274467700Z,1771152952274,KEYCLOAK_AUTH,25263400,25.2634,success=true
2026-02-15T10:55:52.298841700Z,1771152952298,KEYCLOAK_AUTH,24658700,24.6587,success=true
2026-02-15T10:55:52.324725500Z,1771152952324,KEYCLOAK_AUTH,25376900,25.3769,success=true
2026-02-15T10:55:52.349384300Z,1771152952349,KEYCLOAK_AUTH,24548700,24.5487,success=true
2026-02-15T10:55:52.376112600Z,1771152952376,KEYCLOAK_AUTH,27084701,27.0847,success=true
2026-02-15T10:55:52.403951400Z,1771152952403,KEYCLOAK_AUTH,27339301,27.3393,success=true
2026-02-15T10:55:52.434545Z,1771152952434,KEYCLOAK_AUTH,30248900,30.2489,success=true
2026-02-15T10:55:52.460661Z,1771152952460,KEYCLOAK_AUTH,26283501,26.2835,success=true
2026-02-15T10:55:52.493851900Z,1771152952493,KEYCLOAK_AUTH,32888300,32.8883,success=true
2026-02-15T10:55:52.521115700Z,1771152952521,KEYCLOAK_AUTH,27031799,27.0318,success=true
2026-02-15T10:55:52.544712500Z,1771152952544,KEYCLOAK_AUTH,23477400,23.4774,success=true
2026-02-15T10:55:52.569186200Z,1771152952569,KEYCLOAK_AUTH,24480100,24.4801,success=true
2026-02-15T10:55:52.596744300Z,1771152952596,KEYCLOAK_AUTH,27455499,27.4555,success=true
2026-02-15T10:55:52.631339100Z,1771152952631,KEYCLOAK_AUTH,34439800,34.4398,success=true
2026-02-15T10:55:52.661843500Z,1771152952661,KEYCLOAK_AUTH,30477800,30.4778,success=true
2026-02-15T10:55:52.703134200Z,1771152952703,KEYCLOAK_AUTH,41169700,41.1697,success=true
2026-02-15T10:55:52.739353600Z,1771152952739,KEYCLOAK_AUTH,36075600,36.0756,success=true
2026-02-15T10:55:52.769410300Z,1771152952769,KEYCLOAK_AUTH,29588300,29.5883,success=true
2026-02-15T10:55:52.798386900Z,1771152952798,KEYCLOAK_AUTH,28922201,28.9222,success=true
2026-02-15T10:55:52.829499400Z,1771152952829,KEYCLOAK_AUTH,31018600,31.0186,success=true
2026-02-15T10:55:52.865159500Z,1771152952865,KEYCLOAK_AUTH,35511899,35.5119,success=true
2026-02-15T10:55:52.907268200Z,1771152952907,KEYCLOAK_AUTH,42339400,42.3394,success=true
2026-02-15T10:55:52.948497300Z,1771152952948,KEYCLOAK_AUTH,40571601,40.5716,success=true
2026-02-15T10:55:52.978888600Z,1771152952978,KEYCLOAK_AUTH,30591700,30.5917,success=true
2026-02-15T10:55:53.012879900Z,1771152953012,KEYCLOAK_AUTH,33970300,33.9703,success=true
2026-02-15T10:55:53.044996200Z,1771152953044,KEYCLOAK_AUTH,31580500,31.5805,success=true
2026-02-15T10:55:53.075008400Z,1771152953075,KEYCLOAK_AUTH,30121599,30.1216,success=true
2026-02-15T10:55:53.099348300Z,1771152953099,KEYCLOAK_AUTH,25252300,25.2523,success=true
2026-02-15T10:55:53.126981500Z,1771152953126,KEYCLOAK_AUTH,26269099,26.2691,success=true
2026-02-15T10:55:53.152077800Z,1771152953152,KEYCLOAK_AUTH,25058599,25.0586,success=true
2026-02-15T10:55:53.178479800Z,1771152953178,KEYCLOAK_AUTH,26086899,26.0869,success=true
2026-02-15T10:55:53.208064Z,1771152953208,KEYCLOAK_AUTH,29688600,29.6886,success=true
2026-02-15T10:55:53.248212Z,1771152953248,KEYCLOAK_AUTH,39715900,39.7159,success=true
2026-02-15T10:55:53.281521Z,1771152953281,KEYCLOAK_AUTH,33350899,33.3509,success=true
2026-02-15T10:55:53.311644600Z,1771152953311,KEYCLOAK_AUTH,29903800,29.9038,success=true
2026-02-15T10:55:53.339241900Z,1771152953339,KEYCLOAK_AUTH,27780200,27.7802,success=true
2026-02-15T10:55:53.372804700Z,1771152953372,KEYCLOAK_AUTH,33450199,33.4502,success=true
2026-02-15T10:55:53.401901200Z,1771152953401,KEYCLOAK_AUTH,28534099,28.5341,success=true
2026-02-15T10:55:53.429521100Z,1771152953429,KEYCLOAK_AUTH,27574199,27.5742,success=true
2026-02-15T10:55:53.455468700Z,1771152953455,KEYCLOAK_AUTH,25868600,25.8686,success=true
2026-02-15T10:55:53.484067600Z,1771152953484,KEYCLOAK_AUTH,28543700,28.5437,success=true
2026-02-15T10:55:53.511370900Z,1771152953511,KEYCLOAK_AUTH,27292399,27.2924,success=true
2026-02-15T10:55:53.539327300Z,1771152953539,KEYCLOAK_AUTH,27815000,27.8150,success=true
2026-02-15T10:55:53.567465200Z,1771152953567,KEYCLOAK_AUTH,28019000,28.0190,success=true
2026-02-15T10:55:53.595473900Z,1771152953595,KEYCLOAK_AUTH,28400200,28.4002,success=true
2026-02-15T10:55:53.624551500Z,1771152953624,KEYCLOAK_AUTH,28598900,28.5989,success=true
2026-02-15T10:55:53.654244900Z,1771152953654,KEYCLOAK_AUTH,29252500,29.2525,success=true
2026-02-15T10:55:53.683101500Z,1771152953683,KEYCLOAK_AUTH,28643300,28.6433,success=true
2026-02-15T10:55:53.712521400Z,1771152953712,KEYCLOAK_AUTH,29456600,29.4566,success=true
2026-02-15T10:55:53.743427700Z,1771152953743,KEYCLOAK_AUTH,30961400,30.9614,success=true
2026-02-15T10:55:53.771715700Z,1771152953771,KEYCLOAK_AUTH,27932500,27.9325,success=true
2026-02-15T10:55:53.800298100Z,1771152953800,KEYCLOAK_AUTH,28515601,28.5156,success=true
2026-02-15T10:55:53.826862200Z,1771152953826,KEYCLOAK_AUTH,26546700,26.5467,success=true
2026-02-15T10:55:53.853820Z,1771152953853,KEYCLOAK_AUTH,26873800,26.8738,success=true
2026-02-15T10:55:53.883471700Z,1771152953883,KEYCLOAK_AUTH,29415501,29.4155,success=true
2026-02-15T10:55:53.911884500Z,1771152953911,KEYCLOAK_AUTH,28432100,28.4321,success=true
2026-02-15T10:55:53.941908500Z,1771152953941,KEYCLOAK_AUTH,29792300,29.7923,success=true
2026-02-15T10:55:53.970728100Z,1771152953970,KEYCLOAK_AUTH,28386800,28.3868,success=true
2026-02-15T10:55:53.998829100Z,1771152953998,KEYCLOAK_AUTH,28015399,28.0154,success=true
2026-02-15T10:55:54.028100500Z,1771152954028,KEYCLOAK_AUTH,29075600,29.0756,success=true
2026-02-15T10:55:54.059033Z,1771152954059,KEYCLOAK_AUTH,30968899,30.9689,success=true
2026-02-15T10:55:54.098463600Z,1771152954098,KEYCLOAK_AUTH,39235300,39.2353,success=true
2026-02-15T10:55:54.134456900Z,1771152954134,KEYCLOAK_AUTH,35972099,35.9721,success=true
2026-02-15T10:55:54.164408700Z,1771152954164,KEYCLOAK_AUTH,29662101,29.6621,success=true
2026-02-15T10:55:54.201198500Z,1771152954201,KEYCLOAK_AUTH,36669800,36.6698,success=true
2026-02-15T10:55:54.229021600Z,1771152954229,KEYCLOAK_AUTH,27540001,27.5400,success=true
2026-02-15T10:55:54.256198100Z,1771152954256,KEYCLOAK_AUTH,27315199,27.3152,success=true
2026-02-15T10:55:54.282336700Z,1771152954282,KEYCLOAK_AUTH,25847001,25.8470,success=true
2026-02-15T10:55:54.307665200Z,1771152954307,KEYCLOAK_AUTH,25238600,25.2386,success=true
2026-02-15T10:55:54.334956400Z,1771152954334,KEYCLOAK_AUTH,27073400,27.0734,success=true
2026-02-15T10:55:54.371989300Z,1771152954371,KEYCLOAK_AUTH,37164001,37.1640,success=true
2026-02-15T10:55:54.405841300Z,1771152954405,KEYCLOAK_AUTH,33487401,33.4874,success=true
2026-02-15T10:55:54.435546100Z,1771152954435,KEYCLOAK_AUTH,29805700,29.8057,success=true
2026-02-15T10:55:54.470475300Z,1771152954470,KEYCLOAK_AUTH,34711700,34.7117,success=true
2026-02-15T10:55:54.500474200Z,1771152954500,KEYCLOAK_AUTH,30013899,30.0139,success=true
2026-02-15T10:55:54.539071900Z,1771152954539,KEYCLOAK_AUTH,38393600,38.3936,success=true
2026-02-15T10:55:54.574734300Z,1771152954574,KEYCLOAK_AUTH,35480900,35.4809,success=true
2026-02-15T10:55:54.612563500Z,1771152954612,KEYCLOAK_AUTH,37457200,37.4572,success=true
2026-02-15T10:55:54.652066300Z,1771152954652,KEYCLOAK_AUTH,39669999,39.6700,success=true
2026-02-15T10:55:54.693590200Z,1771152954693,KEYCLOAK_AUTH,41103001,41.1030,success=true
2026-02-15T10:55:54.727990400Z,1771152954727,KEYCLOAK_AUTH,34418400,34.4184,success=true
2026-02-15T10:55:54.758525300Z,1771152954758,KEYCLOAK_AUTH,30100600,30.1006,success=true
2026-02-15T10:55:54.791077500Z,1771152954791,KEYCLOAK_AUTH,32466600,32.4666,success=true
2026-02-15T10:55:54.826646Z,1771152954826,KEYCLOAK_AUTH,35664700,35.6647,success=true
2026-02-15T10:55:54.857909800Z,1771152954857,KEYCLOAK_AUTH,31191500,31.1915,success=true
2026-02-15T10:55:54.891182800Z,1771152954891,KEYCLOAK_AUTH,32964701,32.9647,success=true
2026-02-15T10:55:54.916442900Z,1771152954916,KEYCLOAK_AUTH,24926800,24.9268,success=true
2026-02-15T10:55:54.949629Z,1771152954949,KEYCLOAK_AUTH,33024599,33.0246,success=true
2026-02-15T10:55:54.981776100Z,1771152954981,KEYCLOAK_AUTH,32355500,32.3555,success=true
2026-02-15T10:55:55.014115700Z,1771152955014,KEYCLOAK_AUTH,32093899,32.0939,success=true
2026-02-15T10:55:55.049812800Z,1771152955049,KEYCLOAK_AUTH,35269401,35.2694,success=true
2026-02-15T10:55:55.088296500Z,1771152955088,KEYCLOAK_AUTH,38258700,38.2587,success=true
2026-02-15T10:55:55.124779800Z,1771152955124,KEYCLOAK_AUTH,36639000,36.6390,success=true
2026-02-15T10:55:55.157879700Z,1771152955157,KEYCLOAK_AUTH,32686600,32.6866,success=true
2026-02-15T10:55:55.187791400Z,1771152955187,KEYCLOAK_AUTH,29761900,29.7619,success=true
2026-02-15T10:55:55.216419600Z,1771152955216,KEYCLOAK_AUTH,28422600,28.4226,success=true
2026-02-15T10:55:55.243311500Z,1771152955243,KEYCLOAK_AUTH,26978000,26.9780,success=true
2026-02-15T10:55:55.271510900Z,1771152955271,KEYCLOAK_AUTH,28278600,28.2786,success=true
2026-02-15T10:55:55.305248500Z,1771152955305,KEYCLOAK_AUTH,33231400,33.2314,success=true
2026-02-15T10:55:55.331757100Z,1771152955331,KEYCLOAK_AUTH,26462000,26.4620,success=true
2026-02-15T10:55:55.360392500Z,1771152955360,KEYCLOAK_AUTH,28298199,28.2982,success=true
2026-02-15T10:55:55.387079200Z,1771152955387,KEYCLOAK_AUTH,26552200,26.5522,success=true
2026-02-15T10:55:55.410689600Z,1771152955410,KEYCLOAK_AUTH,23440100,23.4401,success=true
2026-02-15T10:55:55.435230200Z,1771152955435,KEYCLOAK_AUTH,24402400,24.4024,success=true
2026-02-15T10:55:55.461074900Z,1771152955461,KEYCLOAK_AUTH,25788200,25.7882,success=true
2026-02-15T10:55:55.487835Z,1771152955487,KEYCLOAK_AUTH,26678399,26.6784,success=true
2026-02-15T10:55:55.516203500Z,1771152955516,KEYCLOAK_AUTH,28556901,28.5569,success=true
2026-02-15T10:55:55.542329100Z,1771152955542,KEYCLOAK_AUTH,25731199,25.7312,success=true
2026-02-15T10:55:55.566360Z,1771152955566,KEYCLOAK_AUTH,23780700,23.7807,success=true
2026-02-15T10:55:55.591571Z,1771152955591,KEYCLOAK_AUTH,25277201,25.2772,success=true
2026-02-15T10:55:55.615600300Z,1771152955615,KEYCLOAK_AUTH,23761400,23.7614,success=true
2026-02-15T10:55:55.638929Z,1771152955638,KEYCLOAK_AUTH,23412100,23.4121,success=true
2026-02-15T10:55:55.669444300Z,1771152955669,KEYCLOAK_AUTH,30593100,30.5931,success=true
2026-02-15T10:55:55.701495800Z,1771152955701,KEYCLOAK_AUTH,31731499,31.7315,success=true
2026-02-15T10:55:55.728179700Z,1771152955728,KEYCLOAK_AUTH,26805900,26.8059,success=true
2026-02-15T10:55:55.754607100Z,1771152955754,KEYCLOAK_AUTH,26036100,26.0361,success=true
2026-02-15T10:55:55.781006400Z,1771152955781,KEYCLOAK_AUTH,26662600,26.6626,success=true
2026-02-15T10:55:55.807753800Z,1771152955807,KEYCLOAK_AUTH,26288099,26.2881,success=true
2026-02-15T10:55:55.834304200Z,1771152955834,KEYCLOAK_AUTH,26325900,26.3259,success=true
2026-02-15T10:55:55.861179100Z,1771152955861,KEYCLOAK_AUTH,27176700,27.1767,success=true
2026-02-15T10:55:55.888042100Z,1771152955888,KEYCLOAK_AUTH,26401300,26.4013,success=true
2026-02-15T10:55:55.913777900Z,1771152955913,KEYCLOAK_AUTH,25767800,25.7678,success=true
2026-02-15T10:55:55.939411400Z,1771152955939,KEYCLOAK_AUTH,25315401,25.3154,success=true
2026-02-15T10:55:55.965754500Z,1771152955965,KEYCLOAK_AUTH,26395599,26.3956,success=true
2026-02-15T10:55:55.995452500Z,1771152955995,KEYCLOAK_AUTH,29572801,29.5728,success=true
2026-02-15T10:55:56.020173Z,1771152956020,KEYCLOAK_AUTH,24659600,24.6596,success=true
2026-02-15T10:55:56.045588800Z,1771152956045,KEYCLOAK_AUTH,25273900,25.2739,success=true
2026-02-15T10:55:56.071839100Z,1771152956071,KEYCLOAK_AUTH,26434200,26.4342,success=true
2026-02-15T10:55:56.098371100Z,1771152956098,KEYCLOAK_AUTH,26386600,26.3866,success=true
2026-02-15T10:55:56.124756900Z,1771152956124,KEYCLOAK_AUTH,25902401,25.9024,success=true
2026-02-15T10:55:56.148982900Z,1771152956148,KEYCLOAK_AUTH,24270900,24.2709,success=true
2026-02-15T10:55:56.175078200Z,1771152956175,KEYCLOAK_AUTH,25917100,25.9171,success=true
2026-02-15T10:55:56.202082900Z,1771152956202,KEYCLOAK_AUTH,26748400,26.7484,success=true
2026-02-15T10:55:56.228558500Z,1771152956228,KEYCLOAK_AUTH,26454799,26.4548,success=true
2026-02-15T10:55:56.253999100Z,1771152956253,KEYCLOAK_AUTH,25224400,25.2244,success=true
2026-02-15T10:55:56.279339500Z,1771152956279,KEYCLOAK_AUTH,26106199,26.1062,success=true
2026-02-15T10:55:56.306732100Z,1771152956306,KEYCLOAK_AUTH,26416499,26.4165,success=true
2026-02-15T10:55:56.333255600Z,1771152956333,KEYCLOAK_AUTH,26344900,26.3449,success=true
2026-02-15T10:55:56.359627600Z,1771152956359,KEYCLOAK_AUTH,26544300,26.5443,success=true
2026-02-15T10:55:56.386099700Z,1771152956386,KEYCLOAK_AUTH,26492100,26.4921,success=true
2026-02-15T10:55:56.412238700Z,1771152956412,KEYCLOAK_AUTH,25822600,25.8226,success=true
2026-02-15T10:55:56.445385300Z,1771152956445,KEYCLOAK_AUTH,33186100,33.1861,success=true
2026-02-15T10:55:56.471867300Z,1771152956471,KEYCLOAK_AUTH,27481401,27.4814,success=true
2026-02-15T10:55:56.499074800Z,1771152956499,KEYCLOAK_AUTH,25822300,25.8223,success=true
2026-02-15T10:55:56.530758200Z,1771152956530,KEYCLOAK_AUTH,31542500,31.5425,success=true
2026-02-15T10:55:56.554618300Z,1771152956554,KEYCLOAK_AUTH,23792000,23.7920,success=true
2026-02-15T10:55:56.578579700Z,1771152956578,KEYCLOAK_AUTH,23841400,23.8414,success=true
2026-02-15T10:55:56.604567600Z,1771152956604,KEYCLOAK_AUTH,25985100,25.9851,success=true
2026-02-15T10:55:56.632803200Z,1771152956632,KEYCLOAK_AUTH,28091500,28.0915,success=true
2026-02-15T10:55:56.657663700Z,1771152956657,KEYCLOAK_AUTH,24679199,24.6792,success=true
2026-02-15T10:55:56.681351400Z,1771152956681,KEYCLOAK_AUTH,23715899,23.7159,success=true
2026-02-15T10:55:56.704904200Z,1771152956704,KEYCLOAK_AUTH,23314000,23.3140,success=true
2026-02-15T10:55:56.728796900Z,1771152956728,KEYCLOAK_AUTH,24123901,24.1239,success=true
2026-02-15T10:55:56.754914600Z,1771152956754,KEYCLOAK_AUTH,25840701,25.8407,success=true
2026-02-15T10:55:56.781041800Z,1771152956781,KEYCLOAK_AUTH,25884599,25.8846,success=true
2026-02-15T10:55:56.807966900Z,1771152956807,KEYCLOAK_AUTH,26792900,26.7929,success=true
2026-02-15T10:55:56.836265300Z,1771152956836,KEYCLOAK_AUTH,28189801,28.1898,success=true
2026-02-15T10:55:56.864182300Z,1771152956864,KEYCLOAK_AUTH,27840300,27.8403,success=true
2026-02-15T10:55:56.896893Z,1771152956896,KEYCLOAK_AUTH,32488300,32.4883,success=true
2026-02-15T10:55:56.933130700Z,1771152956933,KEYCLOAK_AUTH,36043900,36.0439,success=true
2026-02-15T10:55:56.969838Z,1771152956969,KEYCLOAK_AUTH,36923001,36.9230,success=true
2026-02-15T10:55:57.019268900Z,1771152957019,KEYCLOAK_AUTH,49092900,49.0929,success=true
2026-02-15T10:55:57.058684500Z,1771152957058,KEYCLOAK_AUTH,39314200,39.3142,success=true
2026-02-15T10:55:57.096665800Z,1771152957096,KEYCLOAK_AUTH,37578600,37.5786,success=true
2026-02-15T10:55:57.137953200Z,1771152957137,KEYCLOAK_AUTH,41208000,41.2080,success=true
2026-02-15T10:55:57.171892900Z,1771152957171,KEYCLOAK_AUTH,33990199,33.9902,success=true
2026-02-15T10:55:57.206564200Z,1771152957206,KEYCLOAK_AUTH,34301600,34.3016,success=true
2026-02-15T10:55:57.238883500Z,1771152957238,KEYCLOAK_AUTH,32325900,32.3259,success=true
2026-02-15T10:55:57.271668600Z,1771152957271,KEYCLOAK_AUTH,32567299,32.5673,success=true
2026-02-15T10:55:57.307918500Z,1771152957307,KEYCLOAK_AUTH,36160199,36.1602,success=true
2026-02-15T10:55:57.341232800Z,1771152957341,KEYCLOAK_AUTH,33001600,33.0016,success=true
2026-02-15T10:55:57.373812800Z,1771152957373,KEYCLOAK_AUTH,32671900,32.6719,success=true
2026-02-15T10:55:57.411260700Z,1771152957411,KEYCLOAK_AUTH,37213400,37.2134,success=true
2026-02-15T10:55:57.442908800Z,1771152957442,KEYCLOAK_AUTH,31640901,31.6409,success=true
2026-02-15T10:55:57.477256900Z,1771152957477,KEYCLOAK_AUTH,34078399,34.0784,success=true
2026-02-15T10:55:57.503977800Z,1771152957503,KEYCLOAK_AUTH,26501601,26.5016,success=true
2026-02-15T10:55:57.529256Z,1771152957529,KEYCLOAK_AUTH,25047700,25.0477,success=true
2026-02-15T10:55:57.554882100Z,1771152957554,KEYCLOAK_AUTH,25650900,25.6509,success=true
2026-02-15T10:55:57.583303200Z,1771152957583,KEYCLOAK_AUTH,28178499,28.1785,success=true
2026-02-15T10:55:57.616089500Z,1771152957616,KEYCLOAK_AUTH,32803400,32.8034,success=true
2026-02-15T10:55:57.643621200Z,1771152957643,KEYCLOAK_AUTH,27415000,27.4150,success=true
2026-02-15T10:55:57.671075400Z,1771152957671,KEYCLOAK_AUTH,27298700,27.2987,success=true
2026-02-15T10:55:57.698620600Z,1771152957698,KEYCLOAK_AUTH,27651000,27.6510,success=true
2026-02-15T10:55:57.727025800Z,1771152957727,KEYCLOAK_AUTH,28280600,28.2806,success=true
2026-02-15T10:55:57.755877600Z,1771152957755,KEYCLOAK_AUTH,28888401,28.8884,success=true
2026-02-15T10:55:57.783235400Z,1771152957783,KEYCLOAK_AUTH,26842500,26.8425,success=true
2026-02-15T10:55:57.808111600Z,1771152957808,KEYCLOAK_AUTH,24912799,24.9128,success=true
2026-02-15T10:55:57.832898500Z,1771152957832,KEYCLOAK_AUTH,24602499,24.6025,success=true
2026-02-15T10:55:57.857838300Z,1771152957857,KEYCLOAK_AUTH,24566500,24.5665,success=true
2026-02-15T10:55:57.882575500Z,1771152957882,KEYCLOAK_AUTH,24677600,24.6776,success=true
2026-02-15T10:55:57.907706600Z,1771152957907,KEYCLOAK_AUTH,25166100,25.1661,success=true
2026-02-15T10:55:57.934126400Z,1771152957934,KEYCLOAK_AUTH,26184200,26.1842,success=true
2026-02-15T10:55:57.961388200Z,1771152957961,KEYCLOAK_AUTH,27439000,27.4390,success=true
2026-02-15T10:55:57.988688300Z,1771152957988,KEYCLOAK_AUTH,27774100,27.7741,success=true
2026-02-15T10:55:58.015767600Z,1771152958015,KEYCLOAK_AUTH,26129601,26.1296,success=true
2026-02-15T10:55:58.042193200Z,1771152958042,KEYCLOAK_AUTH,26202301,26.2023,success=true
2026-02-15T10:55:58.068590900Z,1771152958068,KEYCLOAK_AUTH,26267699,26.2677,success=true
2026-02-15T10:55:58.095438700Z,1771152958095,KEYCLOAK_AUTH,27017800,27.0178,success=true
2026-02-15T10:55:58.121415700Z,1771152958121,KEYCLOAK_AUTH,26010200,26.0102,success=true
2026-02-15T10:55:58.148549600Z,1771152958148,KEYCLOAK_AUTH,26568300,26.5683,success=true
2026-02-15T10:55:58.176563400Z,1771152958176,KEYCLOAK_AUTH,28073400,28.0734,success=true
2026-02-15T10:55:58.211930700Z,1771152958211,KEYCLOAK_AUTH,35196600,35.1966,success=true
2026-02-15T10:55:58.235501100Z,1771152958235,KEYCLOAK_AUTH,23425600,23.4256,success=true
2026-02-15T10:55:58.260645500Z,1771152958260,KEYCLOAK_AUTH,25052600,25.0526,success=true
2026-02-15T10:55:58.286302700Z,1771152958286,KEYCLOAK_AUTH,25681901,25.6819,success=true
2026-02-15T10:55:58.310988500Z,1771152958310,KEYCLOAK_AUTH,24583200,24.5832,success=true
2026-02-15T10:55:58.334953300Z,1771152958334,KEYCLOAK_AUTH,23733700,23.7337,success=true
2026-02-15T10:55:58.358388900Z,1771152958358,KEYCLOAK_AUTH,23400201,23.4002,success=true
2026-02-15T10:55:58.382402200Z,1771152958382,KEYCLOAK_AUTH,24252500,24.2525,success=true
2026-02-15T10:55:58.406188800Z,1771152958406,KEYCLOAK_AUTH,23444300,23.4443,success=true
2026-02-15T10:55:58.432005300Z,1771152958432,KEYCLOAK_AUTH,25798900,25.7989,success=true
2026-02-15T10:55:58.458406800Z,1771152958458,KEYCLOAK_AUTH,26258600,26.2586,success=true
2026-02-15T10:55:58.487461900Z,1771152958487,KEYCLOAK_AUTH,28587501,28.5875,success=true
2026-02-15T10:55:58.512415600Z,1771152958512,KEYCLOAK_AUTH,24916399,24.9164,success=true
2026-02-15T10:55:58.537655700Z,1771152958537,KEYCLOAK_AUTH,24947000,24.9470,success=true
2026-02-15T10:55:58.560929900Z,1771152958560,KEYCLOAK_AUTH,23677000,23.6770,success=true
2026-02-15T10:55:58.585542100Z,1771152958585,KEYCLOAK_AUTH,24033399,24.0334,success=true
2026-02-15T10:55:58.608610700Z,1771152958608,KEYCLOAK_AUTH,23934400,23.9344,success=true
2026-02-15T10:55:58.632929900Z,1771152958632,KEYCLOAK_AUTH,23612899,23.6129,success=true
2026-02-15T10:55:58.655859500Z,1771152958655,KEYCLOAK_AUTH,22705400,22.7054,success=true
2026-02-15T10:55:58.681087700Z,1771152958681,KEYCLOAK_AUTH,25302700,25.3027,success=true
2026-02-15T10:55:58.705731400Z,1771152958705,KEYCLOAK_AUTH,24530701,24.5307,success=true
2026-02-15T10:55:58.730857200Z,1771152958730,KEYCLOAK_AUTH,25006301,25.0063,success=true
2026-02-15T10:55:58.756918700Z,1771152958756,KEYCLOAK_AUTH,25857500,25.8575,success=true
2026-02-15T10:55:58.783167600Z,1771152958783,KEYCLOAK_AUTH,26135900,26.1359,success=true
2026-02-15T10:55:58.806434900Z,1771152958806,KEYCLOAK_AUTH,23572500,23.5725,success=true
2026-02-15T10:55:58.830506900Z,1771152958830,KEYCLOAK_AUTH,23367500,23.3675,success=true
2026-02-15T10:55:58.854415900Z,1771152958854,KEYCLOAK_AUTH,23529300,23.5293,success=true
2026-02-15T10:55:58.876917900Z,1771152958876,KEYCLOAK_AUTH,22607401,22.6074,success=true
2026-02-15T10:55:58.900113500Z,1771152958900,KEYCLOAK_AUTH,22978100,22.9781,success=true
2026-02-15T10:55:58.923412300Z,1771152958923,KEYCLOAK_AUTH,23042701,23.0427,success=true
2026-02-15T10:55:58.947727500Z,1771152958947,KEYCLOAK_AUTH,24252100,24.2521,success=true
2026-02-15T10:55:58.971760700Z,1771152958971,KEYCLOAK_AUTH,24098901,24.0989,success=true
2026-02-15T10:55:59.002287200Z,1771152959002,KEYCLOAK_AUTH,30277499,30.2775,success=true
2026-02-15T11:44:26.295984800Z,1771155866295,KEYCLOAK_AUTH,27071201,27.0712,success=true
2026-02-15T11:44:26.326788400Z,1771155866326,KEYCLOAK_AUTH,24803900,24.8039,success=true
2026-02-15T11:44:26.350855200Z,1771155866350,KEYCLOAK_AUTH,23872399,23.8724,success=true
2026-02-15T11:44:26.374209800Z,1771155866374,KEYCLOAK_AUTH,23483200,23.4832,success=true
2026-02-15T11:44:26.398286Z,1771155866398,KEYCLOAK_AUTH,23399899,23.3999,success=true
2026-02-15T11:44:26.423298900Z,1771155866423,KEYCLOAK_AUTH,24860701,24.8607,success=true
2026-02-15T11:44:26.447068800Z,1771155866447,KEYCLOAK_AUTH,23946600,23.9466,success=true
2026-02-15T11:44:26.472938500Z,1771155866472,KEYCLOAK_AUTH,25233900,25.2339,success=true
2026-02-15T11:44:26.500736400Z,1771155866500,KEYCLOAK_AUTH,27634800,27.6348,success=true
2026-02-15T11:44:26.527323600Z,1771155866527,KEYCLOAK_AUTH,26754400,26.7544,success=true
2026-02-15T11:44:26.551188100Z,1771155866551,KEYCLOAK_AUTH,23760900,23.7609,success=true
2026-02-15T11:44:26.576575800Z,1771155866576,KEYCLOAK_AUTH,24700600,24.7006,success=true
2026-02-15T11:44:26.600989700Z,1771155866600,KEYCLOAK_AUTH,24697001,24.6970,success=true
2026-02-15T11:44:26.626436400Z,1771155866626,KEYCLOAK_AUTH,24583399,24.5834,success=true
2026-02-15T11:44:26.650586800Z,1771155866650,KEYCLOAK_AUTH,24401300,24.4013,success=true
2026-02-15T11:44:26.674653Z,1771155866674,KEYCLOAK_AUTH,23401201,23.4012,success=true
2026-02-15T11:44:26.697329Z,1771155866697,KEYCLOAK_AUTH,22857000,22.8570,success=true
2026-02-15T11:44:26.722270700Z,1771155866722,KEYCLOAK_AUTH,24839800,24.8398,success=true
2026-02-15T11:44:26.747373700Z,1771155866747,KEYCLOAK_AUTH,24848400,24.8484,success=true
2026-02-15T11:44:26.772459200Z,1771155866772,KEYCLOAK_AUTH,24734399,24.7344,success=true
2026-02-15T11:44:26.797502900Z,1771155866797,KEYCLOAK_AUTH,24356000,24.3560,success=true
2026-02-15T11:44:26.821588900Z,1771155866821,KEYCLOAK_AUTH,24003800,24.0038,success=true
2026-02-15T11:44:26.846419100Z,1771155866846,KEYCLOAK_AUTH,24503800,24.5038,success=true
2026-02-15T11:44:26.871250900Z,1771155866871,KEYCLOAK_AUTH,24477199,24.4772,success=true
2026-02-15T11:44:26.896370700Z,1771155866896,KEYCLOAK_AUTH,25351400,25.3514,success=true
2026-02-15T11:44:26.921233700Z,1771155866921,KEYCLOAK_AUTH,24266799,24.2668,success=true
2026-02-15T11:44:26.945971300Z,1771155866945,KEYCLOAK_AUTH,24918600,24.9186,success=true
2026-02-15T11:44:26.971273400Z,1771155866971,KEYCLOAK_AUTH,24782800,24.7828,success=true
2026-02-15T11:44:26.996328400Z,1771155866996,KEYCLOAK_AUTH,24671599,24.6716,success=true
2026-02-15T11:44:27.022210200Z,1771155867021,KEYCLOAK_AUTH,25523599,25.5236,success=true
2026-02-15T11:44:27.046252800Z,1771155867046,KEYCLOAK_AUTH,24312099,24.3121,success=true
2026-02-15T11:44:27.069665500Z,1771155867069,KEYCLOAK_AUTH,23297000,23.2970,success=true
2026-02-15T11:44:27.092773100Z,1771155867092,KEYCLOAK_AUTH,22801200,22.8012,success=true
2026-02-15T11:44:27.115825200Z,1771155867115,KEYCLOAK_AUTH,22698800,22.6988,success=true
2026-02-15T11:44:27.139030900Z,1771155867139,KEYCLOAK_AUTH,23088700,23.0887,success=true
2026-02-15T11:44:27.162936400Z,1771155867162,KEYCLOAK_AUTH,23390200,23.3902,success=true
2026-02-15T11:44:27.185903700Z,1771155867185,KEYCLOAK_AUTH,23108900,23.1089,success=true
2026-02-15T11:44:27.207765300Z,1771155867207,KEYCLOAK_AUTH,22044900,22.0449,success=true
2026-02-15T11:44:27.232021200Z,1771155867232,KEYCLOAK_AUTH,23422999,23.4230,success=true
2026-02-15T11:44:27.258556800Z,1771155867258,KEYCLOAK_AUTH,26093200,26.0932,success=true
2026-02-15T11:44:27.282493600Z,1771155867282,KEYCLOAK_AUTH,23726900,23.7269,success=true
2026-02-15T11:44:27.306903800Z,1771155867306,KEYCLOAK_AUTH,24395201,24.3952,success=true
2026-02-15T11:44:27.331724600Z,1771155867331,KEYCLOAK_AUTH,24604400,24.6044,success=true
2026-02-15T11:44:27.362110300Z,1771155867362,KEYCLOAK_AUTH,30023101,30.0231,success=true
2026-02-15T11:44:27.387277300Z,1771155867387,KEYCLOAK_AUTH,25077000,25.0770,success=true
2026-02-15T11:44:27.411733300Z,1771155867411,KEYCLOAK_AUTH,24352000,24.3520,success=true
2026-02-15T11:44:27.435095500Z,1771155867435,KEYCLOAK_AUTH,22867300,22.8673,success=true
2026-02-15T11:44:27.460639400Z,1771155867460,KEYCLOAK_AUTH,25253200,25.2532,success=true
2026-02-15T11:44:27.484874200Z,1771155867484,KEYCLOAK_AUTH,24041700,24.0417,success=true
2026-02-15T11:44:27.509730500Z,1771155867509,KEYCLOAK_AUTH,24675900,24.6759,success=true
2026-02-15T11:44:27.535093500Z,1771155867535,KEYCLOAK_AUTH,25057500,25.0575,success=true
2026-02-15T11:44:27.559109900Z,1771155867559,KEYCLOAK_AUTH,23813000,23.8130,success=true
2026-02-15T11:44:27.583138Z,1771155867583,KEYCLOAK_AUTH,23737500,23.7375,success=true
2026-02-15T11:44:27.607016400Z,1771155867607,KEYCLOAK_AUTH,23768900,23.7689,success=true
2026-02-15T11:44:27.631986200Z,1771155867631,KEYCLOAK_AUTH,24536601,24.5366,success=true
2026-02-15T11:44:27.653983500Z,1771155867653,KEYCLOAK_AUTH,22042100,22.0421,success=true
2026-02-15T11:44:27.676317100Z,1771155867676,KEYCLOAK_AUTH,22473701,22.4737,success=true
2026-02-15T11:44:27.698911500Z,1771155867698,KEYCLOAK_AUTH,22350501,22.3505,success=true
2026-02-15T11:44:27.723234700Z,1771155867723,KEYCLOAK_AUTH,24291601,24.2916,success=true
2026-02-15T11:44:27.747186700Z,1771155867747,KEYCLOAK_AUTH,23513700,23.5137,success=true
2026-02-15T11:44:27.770578600Z,1771155867770,KEYCLOAK_AUTH,23316601,23.3166,success=true
2026-02-15T11:44:27.794462200Z,1771155867794,KEYCLOAK_AUTH,23380300,23.3803,success=true
2026-02-15T11:44:27.817782200Z,1771155867817,KEYCLOAK_AUTH,23231300,23.2313,success=true
2026-02-15T11:44:27.840718800Z,1771155867840,KEYCLOAK_AUTH,22873000,22.8730,success=true
2026-02-15T11:44:27.862960800Z,1771155867862,KEYCLOAK_AUTH,21972400,21.9724,success=true
2026-02-15T11:44:27.886485600Z,1771155867886,KEYCLOAK_AUTH,23265100,23.2651,success=true
2026-02-15T11:44:27.910385900Z,1771155867910,KEYCLOAK_AUTH,24004500,24.0045,success=true
2026-02-15T11:44:27.935904700Z,1771155867935,KEYCLOAK_AUTH,25337601,25.3376,success=true
2026-02-15T11:44:27.961106800Z,1771155867961,KEYCLOAK_AUTH,24640600,24.6406,success=true
2026-02-15T11:44:27.985141200Z,1771155867985,KEYCLOAK_AUTH,24121401,24.1214,success=true
2026-02-15T11:44:28.008490600Z,1771155868008,KEYCLOAK_AUTH,23215300,23.2153,success=true
2026-02-15T11:44:28.035441Z,1771155868035,KEYCLOAK_AUTH,26667499,26.6675,success=true
2026-02-15T11:44:28.060301700Z,1771155868060,KEYCLOAK_AUTH,24304599,24.3046,success=true
2026-02-15T11:44:28.085586200Z,1771155868085,KEYCLOAK_AUTH,25167501,25.1675,success=true
2026-02-15T11:44:28.110963400Z,1771155868110,KEYCLOAK_AUTH,25166800,25.1668,success=true
2026-02-15T11:44:28.135441500Z,1771155868135,KEYCLOAK_AUTH,24173500,24.1735,success=true
2026-02-15T11:44:28.158899100Z,1771155868158,KEYCLOAK_AUTH,23441400,23.4414,success=true
2026-02-15T11:44:28.182811900Z,1771155868182,KEYCLOAK_AUTH,23969401,23.9694,success=true
2026-02-15T11:44:28.206082600Z,1771155868206,KEYCLOAK_AUTH,22949600,22.9496,success=true
2026-02-15T11:44:28.230531500Z,1771155868230,KEYCLOAK_AUTH,24051200,24.0512,success=true
2026-02-15T11:44:28.254067900Z,1771155868254,KEYCLOAK_AUTH,23266800,23.2668,success=true
2026-02-15T11:44:28.277878700Z,1771155868277,KEYCLOAK_AUTH,23675000,23.6750,success=true
2026-02-15T11:44:28.301523800Z,1771155868301,KEYCLOAK_AUTH,23791799,23.7918,success=true
2026-02-15T11:44:28.326188500Z,1771155868326,KEYCLOAK_AUTH,24239400,24.2394,success=true
2026-02-15T11:44:28.350779200Z,1771155868350,KEYCLOAK_AUTH,24203600,24.2036,success=true
2026-02-15T11:44:28.373656300Z,1771155868373,KEYCLOAK_AUTH,23177400,23.1774,success=true
2026-02-15T11:44:28.402273100Z,1771155868402,KEYCLOAK_AUTH,28824500,28.8245,success=true
2026-02-15T11:44:28.438323500Z,1771155868438,KEYCLOAK_AUTH,35110900,35.1109,success=true
2026-02-15T11:44:28.461939600Z,1771155868461,KEYCLOAK_AUTH,23472201,23.4722,success=true
2026-02-15T11:44:28.485296200Z,1771155868485,KEYCLOAK_AUTH,23280800,23.2808,success=true
2026-02-15T11:44:28.508947100Z,1771155868508,KEYCLOAK_AUTH,23270699,23.2707,success=true
2026-02-15T11:44:28.533195100Z,1771155868533,KEYCLOAK_AUTH,23904601,23.9046,success=true
2026-02-15T11:44:28.556930300Z,1771155868556,KEYCLOAK_AUTH,23927601,23.9276,success=true
2026-02-15T11:44:28.581481900Z,1771155868581,KEYCLOAK_AUTH,24137900,24.1379,success=true
2026-02-15T11:44:28.605152600Z,1771155868605,KEYCLOAK_AUTH,23772699,23.7727,success=true
2026-02-15T11:44:28.629948900Z,1771155868629,KEYCLOAK_AUTH,24502200,24.5022,success=true
2026-02-15T11:44:28.654654700Z,1771155868654,KEYCLOAK_AUTH,24362099,24.3621,success=true
2026-02-15T11:44:28.679190100Z,1771155868679,KEYCLOAK_AUTH,24306500,24.3065,success=true
2026-02-15T11:44:28.702834400Z,1771155868702,KEYCLOAK_AUTH,23384400,23.3844,success=true
2026-02-15T11:44:28.726978500Z,1771155868726,KEYCLOAK_AUTH,23694200,23.6942,success=true
2026-02-15T11:44:28.750293800Z,1771155868750,KEYCLOAK_AUTH,23527600,23.5276,success=true
2026-02-15T11:44:28.774033700Z,1771155868774,KEYCLOAK_AUTH,23322301,23.3223,success=true
2026-02-15T11:44:28.797180300Z,1771155868797,KEYCLOAK_AUTH,23137999,23.1380,success=true
2026-02-15T11:44:28.820500700Z,1771155868820,KEYCLOAK_AUTH,22946000,22.9460,success=true
2026-02-15T11:44:28.843573600Z,1771155868843,KEYCLOAK_AUTH,22905000,22.9050,success=true
2026-02-15T11:44:28.866650200Z,1771155868866,KEYCLOAK_AUTH,23005300,23.0053,success=true
2026-02-15T11:44:28.890064Z,1771155868890,KEYCLOAK_AUTH,23230000,23.2300,success=true
2026-02-15T11:44:28.913015200Z,1771155868913,KEYCLOAK_AUTH,22723801,22.7238,success=true
2026-02-15T11:44:28.936609100Z,1771155868936,KEYCLOAK_AUTH,23403801,23.4038,success=true
2026-02-15T11:44:28.960721800Z,1771155868960,KEYCLOAK_AUTH,23897699,23.8977,success=true
2026-02-15T11:44:28.984429600Z,1771155868984,KEYCLOAK_AUTH,23843000,23.8430,success=true
2026-02-15T11:44:29.009541Z,1771155869009,KEYCLOAK_AUTH,24544000,24.5440,success=true
2026-02-15T11:44:29.033176700Z,1771155869033,KEYCLOAK_AUTH,23608700,23.6087,success=true
2026-02-15T11:44:29.057398Z,1771155869057,KEYCLOAK_AUTH,24200500,24.2005,success=true
2026-02-15T11:44:29.081736Z,1771155869081,KEYCLOAK_AUTH,24090100,24.0901,success=true
2026-02-15T11:44:29.105805900Z,1771155869105,KEYCLOAK_AUTH,23993400,23.9934,success=true
2026-02-15T11:44:29.129883500Z,1771155869129,KEYCLOAK_AUTH,23603000,23.6030,success=true
2026-02-15T11:44:29.153403800Z,1771155869153,KEYCLOAK_AUTH,23446800,23.4468,success=true
2026-02-15T11:44:29.177396500Z,1771155869177,KEYCLOAK_AUTH,23765700,23.7657,success=true
2026-02-15T11:44:29.202080300Z,1771155869202,KEYCLOAK_AUTH,24135399,24.1354,success=true
2026-02-15T11:44:29.226886100Z,1771155869226,KEYCLOAK_AUTH,24747601,24.7476,success=true
2026-02-15T11:44:29.250313300Z,1771155869250,KEYCLOAK_AUTH,23480100,23.4801,success=true
2026-02-15T11:44:29.274172700Z,1771155869274,KEYCLOAK_AUTH,23543400,23.5434,success=true
2026-02-15T11:44:29.298114700Z,1771155869298,KEYCLOAK_AUTH,23524900,23.5249,success=true
2026-02-15T11:44:29.322152500Z,1771155869322,KEYCLOAK_AUTH,23741399,23.7414,success=true
2026-02-15T11:44:29.345696400Z,1771155869345,KEYCLOAK_AUTH,23562101,23.5621,success=true
2026-02-15T11:44:29.368728900Z,1771155869368,KEYCLOAK_AUTH,22811200,22.8112,success=true
2026-02-15T11:44:29.392682200Z,1771155869392,KEYCLOAK_AUTH,23678999,23.6790,success=true
2026-02-15T11:44:29.416079600Z,1771155869416,KEYCLOAK_AUTH,23340100,23.3401,success=true
2026-02-15T11:44:29.440035400Z,1771155869440,KEYCLOAK_AUTH,24008400,24.0084,success=true
